Workbook
Name DayaBeda: [1]process02!$BF$74:$DC$77
Name Kesimpulan: [1]process02!$BE$84:$DC$88
Name PolaJawaban01: [1]process02!$E$91:$BC$97

Sheet Input01
A4: (Hanya diperkenankan mengisi data atau menghapus tetapi tidak boleh memindah isi data atau menggunakan fasilitas Cut Paste)
A6: Keterangan | B6: Kolom Pengisian | C6: Validasi
A7: Satuan Pendidikan | B7: MA Salafiyah Bantarsari | C7: =IF(B7="","Belum Diisi","OK") -> OK
A8: Mata Pelajaran | B8: Informatika | C8: =IF(B8="","Belum Diisi","OK") -> OK
A9: Kelas/Program | B9: Fase F XI 5 | C9: =IF(B9="","Belum Diisi","OK") -> OK
A10: Nama Tes | B10: Asesmen Sumatif Tengah Semester (ASTS) | C10: =IF(B10="","Belum Diisi","OK") -> OK
A11: Pokok Bahasan/Sub | B11: Bab 1, 2 | C11: =IF(B11="","Belum Diisi","OK") -> OK
A12: Nama Guru | B12: Abdul Mu'iz | C12: =IF(B12="","Belum Diisi","OK") -> OK
A13: NIP | B13: - | C13: =IF(B13="","Belum Diisi","OK") -> OK
A14: Semester | B14: Ganjil | C14: =IF(B14="","Belum Diisi","OK") -> OK
A15: Tahun Pelajaran | B15: 2026/2027 | C15: =IF(B15="","Belum Diisi","OK") -> OK
A16: Tanggal Tes | B16: 23 September 2026 | C16: =IF(B16="","Belum Diisi","OK") -> OK
A17: Tanggal Diperiksa | B17: 1 Oktober 2026 | C17: =IF(B17="","Belum Diisi","OK") -> OK
A18: Nama Kepala Sekolah | B18: H. Achmad Chuzin, S.Pd. | C18: =IF(B18="","Belum Diisi","OK") -> OK
... A21: Tanggal Laporan | B21: 15 Oktober 2026 | C21: =IF(B21="","Belum Diisi","OK") -> OK
A22: Skala Penilaian (4, 10 atau 100) | B22: 100 | C22: =IF(B22="","Belum Diisi",IF(OR(B22=100,B22=10,B22=4),"OK","Salah pengisian")) -> OK
A23: Nilai KKM | B23: 67 | C23: =IF(B23>B22,"Salah Pengisian",IF(B23="","Belum Diisi","OK")) -> OK
A25: Jumlah dan Bobot Soal
A26: Jumlah soal pilihan ganda (Max 50) | B26: 35 | C26: =IF(B26="","Belum Diisi",IF(AND(B26>0,B26<=50),"OK","Salah pengisian")) -> OK
A27: Jumlah soal isian singkat (Max 20) | B27: 5 | C27: =IF(B27="","Belum Diisi",IF(AND(B27>0,B27<=20),"OK","Salah pengisian")) -> OK
A28: Jumlah soal essay (Max 10) | C28: =IF(B28="","Belum Diisi",IF(AND(B28>0,B28<=10),"OK","Salah pengisian")) -> Belum Diisi
A29: Bobot soal pilihan ganda | B29: 1 | C29: =IF(B26=0,"Tidak perlu diisi",IF(AND(B26=0,B29=""),"OK",IF(B29="","Belum diisi",IF((SUM($B$29:$B$31))<>1,"Jumlah bobot tidak sama dengan 100",IF(AND(B29>0,B29<=100),"OK","Salah pengisian"))))) -> Jumlah bobot tidak sama dengan 100
A30: Bobot soal isian singkat | B30: 1 | C30: =IF(B27=0,"Tidak perlu diisi",IF(AND(B27=0,B30=""),"OK",IF(B30="","Belum diisi",IF((SUM($B$29:$B$31))<>1,"Jumlah bobot tidak sama dengan 100",IF(AND(B30>0,B30<=100),"OK","Salah pengisian"))))) -> Jumlah bobot tidak sama dengan 100
A31: Bobot soal essay | C31: =IF(B28=0,"Tidak perlu diisi",IF(AND(B28=0,B31=""),"OK",IF(B31="","Belum diisi",IF((SUM($B$29:$B$31))<>1,"Jumlah bobot tidak sama dengan 100",IF(AND(B31>0,B31<=100),"OK","Salah pengisian"))))) -> Tidak perlu diisi
A33: Data Soal Pilihan Ganda dan Isian Singkat
A34: Jumlah Alternatif Jawaban (Max 5) | B34: 5 | C34: =IF(B34="","Belum Diisi",IF(B34<=5,"OK","Salah")) -> OK
A35: Skor Benar Soal Objektif | B35: 2 | C35: =IF(B35="","Belum Diisi",IF(B35>0,"OK","Salah pengisian")) -> OK
A36: Skor Salah soal objektif | B36: 0 | C36: =IF(B36<=0,"OK","Salah pengisian") -> OK
A37: Kunci Jawaban (Max 50 soal) | B37: ADCEECBDACCDEAAEDBCBDEDECADCEECBBBB | C37: =IF(B37="","Belum Diisi",IF(LEN(B37)>B26,"Kunci jawaban lebih",IF(LEN(B37)<B26,"Kunci jawaban kurang","OK"))) -> OK
A38: Kemampuan yang Diukur untuk Soal Pilihan Ganda
A39: Soal Nomor 1 | B39: 1 | C39: =IF(LEN($B$37)<VALUE(RIGHT(A39,2)),"Tidak Perlu Diisi",IF(AND(LEN($B$37)>=VALUE(RIGHT(A39,2)),B39<>""),"OK","Belum Diisi")) -> OK
A40: Soal Nomor 2 | B40: 2 | C40: =IF(LEN($B$37)<VALUE(RIGHT(A40,2)),"Tidak Perlu Diisi",IF(AND(LEN($B$37)>=VALUE(RIGHT(A40,2)),B40<>""),"OK","Belum Diisi")) -> OK
A41: Soal Nomor 3 | B41: 3 | C41: =IF(LEN($B$37)<VALUE(RIGHT(A41,2)),"Tidak Perlu Diisi",IF(AND(LEN($B$37)>=VALUE(RIGHT(A41,2)),B41<>""),"OK","Belum Diisi")) -> OK
A42: Soal Nomor 4 | B42: 4 | C42: =IF(LEN($B$37)<VALUE(RIGHT(A42,2)),"Tidak Perlu Diisi",IF(AND(LEN($B$37)>=VALUE(RIGHT(A42,2)),B42<>""),"OK","Belum Diisi")) -> OK
A43: Soal Nomor 5 | B43: 5 | C43: =IF(LEN($B$37)<VALUE(RIGHT(A43,2)),"Tidak Perlu Diisi",IF(AND(LEN($B$37)>=VALUE(RIGHT(A43,2)),B43<>""),"OK","Belum Diisi")) -> OK
A44: Soal Nomor 6 | B44: 6 | C44: =IF(LEN($B$37)<VALUE(RIGHT(A44,2)),"Tidak Perlu Diisi",IF(AND(LEN($B$37)>=VALUE(RIGHT(A44,2)),B44<>""),"OK","Belum Diisi")) -> OK
A45: Soal Nomor 7 | B45: 7 | C45: =IF(LEN($B$37)<VALUE(RIGHT(A45,2)),"Tidak Perlu Diisi",IF(AND(LEN($B$37)>=VALUE(RIGHT(A45,2)),B45<>""),"OK","Belum Diisi")) -> OK
A46: Soal Nomor 8 | B46: 8 | C46: =IF(LEN($B$37)<VALUE(RIGHT(A46,2)),"Tidak Perlu Diisi",IF(AND(LEN($B$37)>=VALUE(RIGHT(A46,2)),B46<>""),"OK","Belum Diisi")) -> OK
A47: Soal Nomor 9 | B47: 9 | C47: =IF(LEN($B$37)<VALUE(RIGHT(A47,2)),"Tidak Perlu Diisi",IF(AND(LEN($B$37)>=VALUE(RIGHT(A47,2)),B47<>""),"OK","Belum Diisi")) -> OK
A48: Soal Nomor 10 | B48: 10 | C48: =IF(LEN($B$37)<VALUE(RIGHT(A48,2)),"Tidak Perlu Diisi",IF(AND(LEN($B$37)>=VALUE(RIGHT(A48,2)),B48<>""),"OK","Belum Diisi")) -> OK
A49: Soal Nomor 11 | B49: 11 | C49: =IF(LEN($B$37)<VALUE(RIGHT(A49,2)),"Tidak Perlu Diisi",IF(AND(LEN($B$37)>=VALUE(RIGHT(A49,2)),B49<>""),"OK","Belum Diisi")) -> OK
A50: Soal Nomor 12 | B50: 12 | C50: =IF(LEN($B$37)<VALUE(RIGHT(A50,2)),"Tidak Perlu Diisi",IF(AND(LEN($B$37)>=VALUE(RIGHT(A50,2)),B50<>""),"OK","Belum Diisi")) -> OK
... A88: Soal Nomor 50 | B88: 50 | C88: =IF(LEN($B$37)<VALUE(RIGHT(A88,2)),"Tidak Perlu Diisi",IF(AND(LEN($B$37)>=VALUE(RIGHT(A88,2)),B88<>""),"OK","Belum Diisi")) -> Tidak Perlu Diisi
A89: Kemampuan yang Diukur untuk Soal Isian Singkat
A90: Soal Nomor 1 | C90: =IF($B$27<VALUE(RIGHT(A90,2)),"Tidak Perlu Diisi",IF(B90<>"","OK","Belum Diisi")) -> Belum Diisi
A91: Soal Nomor 2 | C91: =IF($B$27<VALUE(RIGHT(A91,2)),"Tidak Perlu Diisi",IF(B91<>"","OK","Belum Diisi")) -> Belum Diisi
A92: Soal Nomor 3 | C92: =IF($B$27<VALUE(RIGHT(A92,2)),"Tidak Perlu Diisi",IF(B92<>"","OK","Belum Diisi")) -> Belum Diisi
A93: Soal Nomor 4 | C93: =IF($B$27<VALUE(RIGHT(A93,2)),"Tidak Perlu Diisi",IF(B93<>"","OK","Belum Diisi")) -> Belum Diisi
A94: Soal Nomor 5 | C94: =IF($B$27<VALUE(RIGHT(A94,2)),"Tidak Perlu Diisi",IF(B94<>"","OK","Belum Diisi")) -> Belum Diisi
A95: Soal Nomor 6 | C95: =IF($B$27<VALUE(RIGHT(A95,2)),"Tidak Perlu Diisi",IF(B95<>"","OK","Belum Diisi")) -> Tidak Perlu Diisi
A96: Soal Nomor 7 | C96: =IF($B$27<VALUE(RIGHT(A96,2)),"Tidak Perlu Diisi",IF(B96<>"","OK","Belum Diisi")) -> Tidak Perlu Diisi
A97: Soal Nomor 8 | C97: =IF($B$27<VALUE(RIGHT(A97,2)),"Tidak Perlu Diisi",IF(B97<>"","OK","Belum Diisi")) -> Tidak Perlu Diisi
A98: Soal Nomor 9 | C98: =IF($B$27<VALUE(RIGHT(A98,2)),"Tidak Perlu Diisi",IF(B98<>"","OK","Belum Diisi")) -> Tidak Perlu Diisi
A99: Soal Nomor 10 | C99: =IF($B$27<VALUE(RIGHT(A99,2)),"Tidak Perlu Diisi",IF(B99<>"","OK","Belum Diisi")) -> Tidak Perlu Diisi
A100: Soal Nomor 11 | C100: =IF($B$27<VALUE(RIGHT(A100,2)),"Tidak Perlu Diisi",IF(B100<>"","OK","Belum Diisi")) -> Tidak Perlu Diisi
A101: Soal Nomor 12 | C101: =IF($B$27<VALUE(RIGHT(A101,2)),"Tidak Perlu Diisi",IF(B101<>"","OK","Belum Diisi")) -> Tidak Perlu Diisi
... A109: Soal Nomor 20 | C109: =IF($B$27<VALUE(RIGHT(A109,2)),"Tidak Perlu Diisi",IF(B109<>"","OK","Belum Diisi")) -> Tidak Perlu Diisi
A110: Data Soal Essay
A111: Skor Maksimal Soal Nomor 1 | B111: 4 | C111: =IF($B$28<VALUE(RIGHT(A111,2)),"Tidak Perlu Diisi",IF(AND($B$28>=VALUE(RIGHT(A111,2)),B111<>""),"OK","Belum Diisi")) -> Tidak Perlu Diisi
A112: Skor Maksimal Soal Nomor 2 | B112: 4 | C112: =IF($B$28<VALUE(RIGHT(A112,2)),"Tidak Perlu Diisi",IF(AND($B$28>=VALUE(RIGHT(A112,2)),B112<>""),"OK","Belum Diisi")) -> Tidak Perlu Diisi
A113: Skor Maksimal Soal Nomor 3 | B113: 4 | C113: =IF($B$28<VALUE(RIGHT(A113,2)),"Tidak Perlu Diisi",IF(AND($B$28>=VALUE(RIGHT(A113,2)),B113<>""),"OK","Belum Diisi")) -> Tidak Perlu Diisi
A114: Skor Maksimal Soal Nomor 4 | B114: 4 | C114: =IF($B$28<VALUE(RIGHT(A114,2)),"Tidak Perlu Diisi",IF(AND($B$28>=VALUE(RIGHT(A114,2)),B114<>""),"OK","Belum Diisi")) -> Tidak Perlu Diisi
A115: Skor Maksimal Soal Nomor 5 | B115: 4 | C115: =IF($B$28<VALUE(RIGHT(A115,2)),"Tidak Perlu Diisi",IF(AND($B$28>=VALUE(RIGHT(A115,2)),B115<>""),"OK","Belum Diisi")) -> Tidak Perlu Diisi
A116: Skor Maksimal Soal Nomor 6 | C116: =IF($B$28<VALUE(RIGHT(A116,2)),"Tidak Perlu Diisi",IF(AND($B$28>=VALUE(RIGHT(A116,2)),B116<>""),"OK","Belum Diisi")) -> Tidak Perlu Diisi
A117: Skor Maksimal Soal Nomor 7 | C117: =IF($B$28<VALUE(RIGHT(A117,2)),"Tidak Perlu Diisi",IF(AND($B$28>=VALUE(RIGHT(A117,2)),B117<>""),"OK","Belum Diisi")) -> Tidak Perlu Diisi
A118: Skor Maksimal Soal Nomor 8 | C118: =IF($B$28<VALUE(RIGHT(A118,2)),"Tidak Perlu Diisi",IF(AND($B$28>=VALUE(RIGHT(A118,2)),B118<>""),"OK","Belum Diisi")) -> Tidak Perlu Diisi
A119: Skor Maksimal Soal Nomor 9 | C119: =IF($B$28<VALUE(RIGHT(A119,2)),"Tidak Perlu Diisi",IF(AND($B$28>=VALUE(RIGHT(A119,2)),B119<>""),"OK","Belum Diisi")) -> Tidak Perlu Diisi
A120: Skor Maksimal Soal Nomor 10 | C120: =IF($B$28<VALUE(RIGHT(A120,2)),"Tidak Perlu Diisi",IF(AND($B$28>=VALUE(RIGHT(A120,2)),B120<>""),"OK","Belum Diisi")) -> Tidak Perlu Diisi
A121: Kemampuan yang Diukur untuk Soal Essay
A122: Soal Nomor 1 | C122: =IF($B$28<VALUE(RIGHT(A122,2)),"Belum Diisi",IF(B122<>"","OK","Tidak Perlu Diisi")) -> Belum Diisi
A123: Soal Nomor 2 | C123: =IF($B$28<VALUE(RIGHT(A123,2)),"Belum Diisi",IF(B123<>"","OK","Tidak Perlu Diisi")) -> Belum Diisi
A124: Soal Nomor 3 | C124: =IF($B$28<VALUE(RIGHT(A124,2)),"Belum Diisi",IF(B124<>"","OK","Tidak Perlu Diisi")) -> Belum Diisi
A125: Soal Nomor 4 | C125: =IF($B$28<VALUE(RIGHT(A125,2)),"Belum Diisi",IF(B125<>"","OK","Tidak Perlu Diisi")) -> Belum Diisi
A126: Soal Nomor 5 | C126: =IF($B$28<VALUE(RIGHT(A126,2)),"Belum Diisi",IF(B126<>"","OK","Tidak Perlu Diisi")) -> Belum Diisi
A127: Soal Nomor 6 | C127: =IF($B$28<VALUE(RIGHT(A127,2)),"Belum Diisi",IF(B127<>"","OK","Tidak Perlu Diisi")) -> Belum Diisi
A128: Soal Nomor 7 | C128: =IF($B$28<VALUE(RIGHT(A128,2)),"Belum Diisi",IF(B128<>"","OK","Tidak Perlu Diisi")) -> Belum Diisi
A129: Soal Nomor 8 | C129: =IF($B$28<VALUE(RIGHT(A129,2)),"Belum Diisi",IF(B129<>"","OK","Tidak Perlu Diisi")) -> Belum Diisi
A130: Soal Nomor 9 | C130: =IF($B$28<VALUE(RIGHT(A130,2)),"Belum Diisi",IF(B130<>"","OK","Tidak Perlu Diisi")) -> Belum Diisi
A131: Soal Nomor 10 | C131: =IF($B$28<VALUE(RIGHT(A131,2)),"Belum Diisi",IF(B131<>"","OK","Tidak Perlu Diisi")) -> Belum Diisi

Sheet Input02
A1: Identitas dan Jawaban Siswa | CG1: Jangan dihapus
A2: (Hanya diperkenankan mengisi data atau menghapus tetapi tidak boleh memindah isi data atau menggunakan fasilitas Cut Paste) | BV2: Skor Maksimal | CG2: =Input01!B27 -> 5
BV3: =IF(Input01!B111<>"",Input01!B111,"-") -> 4 | BW3: =IF(Input01!B112<>"",Input01!B112,"-") -> 4 | BX3: =IF(Input01!B113<>"",Input01!B113,"-") -> 4 | BY3: =IF(Input01!B114<>"",Input01!B114,"-") -> 4 | BZ3: =IF(Input01!B115<>"",Input01!B115,"-") -> 4 | CA3: =IF(Input01!B116<>"",Input01!B116,"-") -> - | CB3: =IF(Input01!B117<>"",Input01!B117,"-") -> - | CC3: =IF(Input01!B118<>"",Input01!B118,"-") -> - | CD3: =IF(Input01!B119<>"",Input01!B119,"-") -> - | CE3: =IF(Input01!B120<>"",Input01!B120,"-") -> - | CG3: =Input01!B26 -> 35
A4: No | B4: Nama | C4: Jenis Kelamin | D4: Jawaban Siswa Soal Pilihan Ganda | BB4: Skor Jawaban Soal Isian Singkat | BV4: Skor Jawaban Siswa Soal Essay | CG4: Jawaban Siswa Soal Pilihan Ganda (Isikan dengan huruf kapital tanpa spasi, contoh: BCADEABEDCBA)
D5: 1 | E5: 2 | F5: 3 | G5: 4 | H5: 5 | I5: 6 | J5: 7 | K5: 8 | L5: 9 | M5: 10 | N5: 11 | O5: 12 | P5: 13 | Q5: 14 | R5: 15 | S5: 16 | T5: 17 | U5: 18 | V5: 19 | W5: 20 | X5: 21 | Y5: 22 | Z5: 23 | AA5: 24 | AB5: 25 | AC5: 26 | AD5: 27 | AE5: 28 | AF5: 29 | AG5: 30 | AH5: 31 | AI5: 32 | AJ5: 33 | AK5: 34 | AL5: 35 | AM5: 36 | AN5: 37 | AO5: 38 | AP5: 39 | AQ5: 40 | AR5: 41 | AS5: 42 | AT5: 43 | AU5: 44 | AV5: 45 | AW5: 46 | AX5: 47 | AY5: 48 | AZ5: 49 | BA5: 50 | BB5: 1 | BC5: 2 | BD5: 3 | BE5: 4 | BF5: 5 | BG5: 6 | BH5: 7 | BI5: 8 | BJ5: 9 | BK5: 10 | BL5: 11 | BM5: 12 | BN5: 13 | BO5: 14 | BP5: 15 | BQ5: 16 | BR5: 17 | BS5: 18 | BT5: 19 | BU5: 20 | BV5: 1 | BW5: 2 | BX5: 3 | BY5: 4 | BZ5: 5 | CA5: 6 | CB5: 7 | CC5: 8 | CD5: 9 | CE5: 10
A6: 1 | B6: ACHMAD FADILATUL KHANAN | C6: L | D6: D | E6: C | F6: C | G6: E | H6: C | I6: A | J6: D | K6: B | L6: C | M6: B | N6: A | O6: B | P6: C | Q6: D | R6: B | X6: C | Y6: D | Z6: C | AA6: A | AB6: C | BB6: 2 | BC6: 2 | BD6: 2 | BE6: 2 | BF6: 2 | CG6: =D6&E6&F6&G6&H6&I6&J6&K6&L6&M6&N6&O6&P6&Q6&R6&S6&T6&U6&V6&W6&X6&Y6&Z6&AA6&AB6&AC6&AD6&AE6&AF6&AG6&AH6&AI6&AJ6&AK6&AL6&AM6&AN6&AO6&AP6&AQ6&AR6&AS6&AT6&AU6&AV6&AW6&AX6&AY6&AZ6&BA6 -> DCCECADBCBABCDBCDCAC
A7: =A6+1 -> 2 | B7: AFRISA KHOERUNNISA | C7: P | D7: B | E7: B | F7: C | G7: A | H7: B | I7: B | J7: B | K7: C | L7: B | M7: C | N7: C | O7: E | P7: B | Q7: B | R7: C | S7: B | T7: C | U7: C | V7: C | W7: B | X7: B | Y7: B | Z7: B | AA7: B | AB7: C | BB7: 2 | BC7: 2 | BD7: 2 | BE7: 2 | BF7: 2 | CG7: =D7&E7&F7&G7&H7&I7&J7&K7&L7&M7&N7&O7&P7&Q7&R7&S7&T7&U7&V7&W7&X7&Y7&Z7&AA7&AB7&AC7&AD7&AE7&AF7&AG7&AH7&AI7&AJ7&AK7&AL7&AM7&AN7&AO7&AP7&AQ7&AR7&AS7&AT7&AU7&AV7&AW7&AX7&AY7&AZ7&BA7 -> BBCABBBCBCCEBBCBCCCBBBBBC
A8: =A7+1 -> 3 | B8: AHMAD SYAHRIAN RAMADAN | C8: L | CG8: =D8&E8&F8&G8&H8&I8&J8&K8&L8&M8&N8&O8&P8&Q8&R8&S8&T8&U8&V8&W8&X8&Y8&Z8&AA8&AB8&AC8&AD8&AE8&AF8&AG8&AH8&AI8&AJ8&AK8&AL8&AM8&AN8&AO8&AP8&AQ8&AR8&AS8&AT8&AU8&AV8&AW8&AX8&AY8&AZ8&BA8
A9: =A8+1 -> 4 | B9: AHMAD ULUN NUHA | C9: L | CG9: =D9&E9&F9&G9&H9&I9&J9&K9&L9&M9&N9&O9&P9&Q9&R9&S9&T9&U9&V9&W9&X9&Y9&Z9&AA9&AB9&AC9&AD9&AE9&AF9&AG9&AH9&AI9&AJ9&AK9&AL9&AM9&AN9&AO9&AP9&AQ9&AR9&AS9&AT9&AU9&AV9&AW9&AX9&AY9&AZ9&BA9
A10: =A9+1 -> 5 | B10: AHSINUL MUTHORIQ | C10: L | CG10: =D10&E10&F10&G10&H10&I10&J10&K10&L10&M10&N10&O10&P10&Q10&R10&S10&T10&U10&V10&W10&X10&Y10&Z10&AA10&AB10&AC10&AD10&AE10&AF10&AG10&AH10&AI10&AJ10&AK10&AL10&AM10&AN10&AO10&AP10&AQ10&AR10&AS10&AT10&AU10&AV10&AW10&AX10&AY10&AZ10&BA10
A11: =A10+1 -> 6 | B11: ALFIN ARDIANSYAH NAWAWI | C11: L | CG11: =D11&E11&F11&G11&H11&I11&J11&K11&L11&M11&N11&O11&P11&Q11&R11&S11&T11&U11&V11&W11&X11&Y11&Z11&AA11&AB11&AC11&AD11&AE11&AF11&AG11&AH11&AI11&AJ11&AK11&AL11&AM11&AN11&AO11&AP11&AQ11&AR11&AS11&AT11&AU11&AV11&AW11&AX11&AY11&AZ11&BA11
A12: =A11+1 -> 7 | B12: ALIF KHISBULLOH | C12: L | CG12: =D12&E12&F12&G12&H12&I12&J12&K12&L12&M12&N12&O12&P12&Q12&R12&S12&T12&U12&V12&W12&X12&Y12&Z12&AA12&AB12&AC12&AD12&AE12&AF12&AG12&AH12&AI12&AJ12&AK12&AL12&AM12&AN12&AO12&AP12&AQ12&AR12&AS12&AT12&AU12&AV12&AW12&AX12&AY12&AZ12&BA12
A13: =A12+1 -> 8 | B13: AMELLIA AZZAH | C13: P | CG13: =D13&E13&F13&G13&H13&I13&J13&K13&L13&M13&N13&O13&P13&Q13&R13&S13&T13&U13&V13&W13&X13&Y13&Z13&AA13&AB13&AC13&AD13&AE13&AF13&AG13&AH13&AI13&AJ13&AK13&AL13&AM13&AN13&AO13&AP13&AQ13&AR13&AS13&AT13&AU13&AV13&AW13&AX13&AY13&AZ13&BA13
A14: =A13+1 -> 9 | B14: ESTI ZAINAB SA'ADAH | C14: P | CG14: =D14&E14&F14&G14&H14&I14&J14&K14&L14&M14&N14&O14&P14&Q14&R14&S14&T14&U14&V14&W14&X14&Y14&Z14&AA14&AB14&AC14&AD14&AE14&AF14&AG14&AH14&AI14&AJ14&AK14&AL14&AM14&AN14&AO14&AP14&AQ14&AR14&AS14&AT14&AU14&AV14&AW14&AX14&AY14&AZ14&BA14
A15: =A14+1 -> 10 | B15: FILZA MAWADATUN NISA | C15: P | CG15: =D15&E15&F15&G15&H15&I15&J15&K15&L15&M15&N15&O15&P15&Q15&R15&S15&T15&U15&V15&W15&X15&Y15&Z15&AA15&AB15&AC15&AD15&AE15&AF15&AG15&AH15&AI15&AJ15&AK15&AL15&AM15&AN15&AO15&AP15&AQ15&AR15&AS15&AT15&AU15&AV15&AW15&AX15&AY15&AZ15&BA15
A16: =A15+1 -> 11 | B16: HERLINA TASKIA NUFUS | C16: P | CG16: =D16&E16&F16&G16&H16&I16&J16&K16&L16&M16&N16&O16&P16&Q16&R16&S16&T16&U16&V16&W16&X16&Y16&Z16&AA16&AB16&AC16&AD16&AE16&AF16&AG16&AH16&AI16&AJ16&AK16&AL16&AM16&AN16&AO16&AP16&AQ16&AR16&AS16&AT16&AU16&AV16&AW16&AX16&AY16&AZ16&BA16
A17: =A16+1 -> 12 | B17: IRFANGI MAULANA AJRI | C17: L | CG17: =D17&E17&F17&G17&H17&I17&J17&K17&L17&M17&N17&O17&P17&Q17&R17&S17&T17&U17&V17&W17&X17&Y17&Z17&AA17&AB17&AC17&AD17&AE17&AF17&AG17&AH17&AI17&AJ17&AK17&AL17&AM17&AN17&AO17&AP17&AQ17&AR17&AS17&AT17&AU17&AV17&AW17&AX17&AY17&AZ17&BA17
A18: =A17+1 -> 13 | B18: IRMA SURYANINGSIH | C18: P | CG18: =D18&E18&F18&G18&H18&I18&J18&K18&L18&M18&N18&O18&P18&Q18&R18&S18&T18&U18&V18&W18&X18&Y18&Z18&AA18&AB18&AC18&AD18&AE18&AF18&AG18&AH18&AI18&AJ18&AK18&AL18&AM18&AN18&AO18&AP18&AQ18&AR18&AS18&AT18&AU18&AV18&AW18&AX18&AY18&AZ18&BA18
A19: =A18+1 -> 14 | B19: ITA NURROHMAH | C19: P | CG19: =D19&E19&F19&G19&H19&I19&J19&K19&L19&M19&N19&O19&P19&Q19&R19&S19&T19&U19&V19&W19&X19&Y19&Z19&AA19&AB19&AC19&AD19&AE19&AF19&AG19&AH19&AI19&AJ19&AK19&AL19&AM19&AN19&AO19&AP19&AQ19&AR19&AS19&AT19&AU19&AV19&AW19&AX19&AY19&AZ19&BA19
... A35: =A34+1 -> 30 | B35: ZULFIYATUR ROHMAH | C35: P | CG35: =D35&E35&F35&G35&H35&I35&J35&K35&L35&M35&N35&O35&P35&Q35&R35&S35&T35&U35&V35&W35&X35&Y35&Z35&AA35&AB35&AC35&AD35&AE35&AF35&AG35&AH35&AI35&AJ35&AK35&AL35&AM35&AN35&AO35&AP35&AQ35&AR35&AS35&AT35&AU35&AV35&AW35&AX35&AY35&AZ35&BA35
A36: =A35+1 -> 31 | CG36: =D36&E36&F36&G36&H36&I36&J36&K36&L36&M36&N36&O36&P36&Q36&R36&S36&T36&U36&V36&W36&X36&Y36&Z36&AA36&AB36&AC36&AD36&AE36&AF36&AG36&AH36&AI36&AJ36&AK36&AL36&AM36&AN36&AO36&AP36&AQ36&AR36&AS36&AT36&AU36&AV36&AW36&AX36&AY36&AZ36&BA36
A37: =A36+1 -> 32 | CG37: =D37&E37&F37&G37&H37&I37&J37&K37&L37&M37&N37&O37&P37&Q37&R37&S37&T37&U37&V37&W37&X37&Y37&Z37&AA37&AB37&AC37&AD37&AE37&AF37&AG37&AH37&AI37&AJ37&AK37&AL37&AM37&AN37&AO37&AP37&AQ37&AR37&AS37&AT37&AU37&AV37&AW37&AX37&AY37&AZ37&BA37
A38: =A37+1 -> 33 | CG38: =D38&E38&F38&G38&H38&I38&J38&K38&L38&M38&N38&O38&P38&Q38&R38&S38&T38&U38&V38&W38&X38&Y38&Z38&AA38&AB38&AC38&AD38&AE38&AF38&AG38&AH38&AI38&AJ38&AK38&AL38&AM38&AN38&AO38&AP38&AQ38&AR38&AS38&AT38&AU38&AV38&AW38&AX38&AY38&AZ38&BA38
A39: =A38+1 -> 34 | CG39: =D39&E39&F39&G39&H39&I39&J39&K39&L39&M39&N39&O39&P39&Q39&R39&S39&T39&U39&V39&W39&X39&Y39&Z39&AA39&AB39&AC39&AD39&AE39&AF39&AG39&AH39&AI39&AJ39&AK39&AL39&AM39&AN39&AO39&AP39&AQ39&AR39&AS39&AT39&AU39&AV39&AW39&AX39&AY39&AZ39&BA39
A40: =A39+1 -> 35 | CG40: =D40&E40&F40&G40&H40&I40&J40&K40&L40&M40&N40&O40&P40&Q40&R40&S40&T40&U40&V40&W40&X40&Y40&Z40&AA40&AB40&AC40&AD40&AE40&AF40&AG40&AH40&AI40&AJ40&AK40&AL40&AM40&AN40&AO40&AP40&AQ40&AR40&AS40&AT40&AU40&AV40&AW40&AX40&AY40&AZ40&BA40
A41: =A40+1 -> 36 | CG41: =D41&E41&F41&G41&H41&I41&J41&K41&L41&M41&N41&O41&P41&Q41&R41&S41&T41&U41&V41&W41&X41&Y41&Z41&AA41&AB41&AC41&AD41&AE41&AF41&AG41&AH41&AI41&AJ41&AK41&AL41&AM41&AN41&AO41&AP41&AQ41&AR41&AS41&AT41&AU41&AV41&AW41&AX41&AY41&AZ41&BA41
A42: =A41+1 -> 37 | CG42: =D42&E42&F42&G42&H42&I42&J42&K42&L42&M42&N42&O42&P42&Q42&R42&S42&T42&U42&V42&W42&X42&Y42&Z42&AA42&AB42&AC42&AD42&AE42&AF42&AG42&AH42&AI42&AJ42&AK42&AL42&AM42&AN42&AO42&AP42&AQ42&AR42&AS42&AT42&AU42&AV42&AW42&AX42&AY42&AZ42&BA42
A43: =A42+1 -> 38 | CG43: =D43&E43&F43&G43&H43&I43&J43&K43&L43&M43&N43&O43&P43&Q43&R43&S43&T43&U43&V43&W43&X43&Y43&Z43&AA43&AB43&AC43&AD43&AE43&AF43&AG43&AH43&AI43&AJ43&AK43&AL43&AM43&AN43&AO43&AP43&AQ43&AR43&AS43&AT43&AU43&AV43&AW43&AX43&AY43&AZ43&BA43
A44: =A43+1 -> 39 | CG44: =D44&E44&F44&G44&H44&I44&J44&K44&L44&M44&N44&O44&P44&Q44&R44&S44&T44&U44&V44&W44&X44&Y44&Z44&AA44&AB44&AC44&AD44&AE44&AF44&AG44&AH44&AI44&AJ44&AK44&AL44&AM44&AN44&AO44&AP44&AQ44&AR44&AS44&AT44&AU44&AV44&AW44&AX44&AY44&AZ44&BA44
A45: =A44+1 -> 40 | CG45: =D45&E45&F45&G45&H45&I45&J45&K45&L45&M45&N45&O45&P45&Q45&R45&S45&T45&U45&V45&W45&X45&Y45&Z45&AA45&AB45&AC45&AD45&AE45&AF45&AG45&AH45&AI45&AJ45&AK45&AL45&AM45&AN45&AO45&AP45&AQ45&AR45&AS45&AT45&AU45&AV45&AW45&AX45&AY45&AZ45&BA45
A46: =A45+1 -> 41 | CG46: =D46&E46&F46&G46&H46&I46&J46&K46&L46&M46&N46&O46&P46&Q46&R46&S46&T46&U46&V46&W46&X46&Y46&Z46&AA46&AB46&AC46&AD46&AE46&AF46&AG46&AH46&AI46&AJ46&AK46&AL46&AM46&AN46&AO46&AP46&AQ46&AR46&AS46&AT46&AU46&AV46&AW46&AX46&AY46&AZ46&BA46
A47: =A46+1 -> 42 | CG47: =D47&E47&F47&G47&H47&I47&J47&K47&L47&M47&N47&O47&P47&Q47&R47&S47&T47&U47&V47&W47&X47&Y47&Z47&AA47&AB47&AC47&AD47&AE47&AF47&AG47&AH47&AI47&AJ47&AK47&AL47&AM47&AN47&AO47&AP47&AQ47&AR47&AS47&AT47&AU47&AV47&AW47&AX47&AY47&AZ47&BA47
... A205: =A204+1 -> 200 | CG205: =D205&E205&F205&G205&H205&I205&J205&K205&L205&M205&N205&O205&P205&Q205&R205&S205&T205&U205&V205&W205&X205&Y205&Z205&AA205&AB205&AC205&AD205&AE205&AF205&AG205&AH205&AI205&AJ205&AK205&AL205&AM205&AN205&AO205&AP205&AQ205&AR205&AS205&AT205&AU205&AV205&AW205&AX205&AY205&AZ205&BA205

Sheet Data01
A2: Data Jawaban Soal Objektif
A4: Satuan Pendidikan | C4: =": "&Input01!B7 -> : MA Salafiyah Bantarsari
A5: Nama Tes | C5: =": "&Input01!B10 -> : Asesmen Sumatif Tengah Semester (ASTS)
A6: Mata Pelajaran | C6: =": "&Input01!B8 -> : Informatika
A7: Kelas/Program | C7: =": "&Input01!B9 -> : Fase F XI 5
A8: Tanggal Tes | C8: =": "&Input01!B16 -> : 23 September 2026
A9: Nama Guru | C9: =": "&Input01!B12 -> : Abdul Mu'iz
BB10: 50
A11: No | B11: Nama | C11: Jenis Kelamin | D11: Nomor Soal | BB11: Jawaban Siswa Soal Pilihan Ganda (Isikan dengan huruf kapital tanpa spasi, contoh: BCADEABEDCBA)
D12: 1 | E12: 2 | F12: 3 | G12: 4 | H12: 5 | I12: 6 | J12: 7 | K12: 8 | L12: 9 | M12: 10 | N12: 11 | O12: 12 | P12: 13 | Q12: 14 | R12: 15 | S12: 16 | T12: 17 | U12: 18 | V12: 19 | W12: 20 | X12: 21 | Y12: 22 | Z12: 23 | AA12: 24 | AB12: 25 | AC12: 26 | AD12: 27 | AE12: 28 | AF12: 29 | AG12: 30 | AH12: 31 | AI12: 32 | AJ12: 33 | AK12: 34 | AL12: 35 | AM12: 36 | AN12: 37 | AO12: 38 | AP12: 39 | AQ12: 40 | AR12: 41 | AS12: 42 | AT12: 43 | AU12: 44 | AV12: 45 | AW12: 46 | AX12: 47 | AY12: 48 | AZ12: 49 | BA12: 50
A13: -1 | B13: -2 | C13: -3 | D13: -4 | E13: -5 | F13: -6 | G13: -7 | H13: -8 | I13: -9 | J13: -10 | K13: -11 | L13: -12 | M13: -13 | N13: -14 | O13: -15 | P13: -16 | Q13: -17 | R13: -18 | S13: -19 | T13: -20 | U13: -21 | V13: -22 | W13: -23 | X13: -24 | Y13: -25 | Z13: -26 | AA13: -27 | AB13: -28 | AC13: -29 | AD13: -30 | AE13: -31 | AF13: -32 | AG13: -33 | AH13: -34 | AI13: -35 | AJ13: -36 | AK13: -37 | AL13: -38 | AM13: -39 | AN13: -40 | AO13: -41 | AP13: -42 | AQ13: -43 | AR13: -44 | AS13: -45 | AT13: -46 | AU13: -47 | AV13: -48 | AW13: -49 | AX13: -50 | AY13: -51 | AZ13: -52 | BA13: -53 | BB13: -54
A14: =IF(Input02!A6<>"",Input02!A6,"") -> 1 | B14: =IF(Input02!B6<>"",Input02!B6,"") -> ACHMAD FADILATUL KHANAN | C14: =IF(Input02!C6<>"",Input02!C6,"") -> L | D14: =process02!BF17 -> 0 | E14: =process02!BG17 -> 0 | F14: =process02!BH17 -> 1 | G14: =process02!BI17 -> 1 | H14: =process02!BJ17 -> 0 | I14: =process02!BK17 -> 0 | J14: =process02!BL17 -> 0 | K14: =process02!BM17 -> 0 | ... BA14: =process02!DC17 | BB14: =IF(Input02!CG6<>"",Input02!CG6,"") -> DCCECADBCBABCDBCDCAC
A15: =IF(Input02!A7<>"",Input02!A7,"") -> 2 | B15: =IF(Input02!B7<>"",Input02!B7,"") -> AFRISA KHOERUNNISA | C15: =IF(Input02!C7<>"",Input02!C7,"") -> P | D15: =process02!BF18 -> 0 | E15: =process02!BG18 -> 0 | F15: =process02!BH18 -> 1 | G15: =process02!BI18 -> 0 | H15: =process02!BJ18 -> 0 | I15: =process02!BK18 -> 0 | J15: =process02!BL18 -> 1 | K15: =process02!BM18 -> 0 | ... BA15: =process02!DC18 | BB15: =IF(Input02!CG7<>"",Input02!CG7,"") -> BBCABBBCBCCEBBCBCCCBBBBBC
A16: =IF(Input02!A8<>"",Input02!A8,"") -> 3 | B16: =IF(Input02!B8<>"",Input02!B8,"") -> AHMAD SYAHRIAN RAMADAN | C16: =IF(Input02!C8<>"",Input02!C8,"") -> L | D16: =process02!BF19 | E16: =process02!BG19 | F16: =process02!BH19 | G16: =process02!BI19 | H16: =process02!BJ19 | I16: =process02!BK19 | J16: =process02!BL19 | K16: =process02!BM19 | ... BA16: =process02!DC19 | BB16: =IF(Input02!CG8<>"",Input02!CG8,"")
A17: =IF(Input02!A9<>"",Input02!A9,"") -> 4 | B17: =IF(Input02!B9<>"",Input02!B9,"") -> AHMAD ULUN NUHA | C17: =IF(Input02!C9<>"",Input02!C9,"") -> L | D17: =process02!BF20 | E17: =process02!BG20 | F17: =process02!BH20 | G17: =process02!BI20 | H17: =process02!BJ20 | I17: =process02!BK20 | J17: =process02!BL20 | K17: =process02!BM20 | ... BA17: =process02!DC20 | BB17: =IF(Input02!CG9<>"",Input02!CG9,"")
A18: =IF(Input02!A10<>"",Input02!A10,"") -> 5 | B18: =IF(Input02!B10<>"",Input02!B10,"") -> AHSINUL MUTHORIQ | C18: =IF(Input02!C10<>"",Input02!C10,"") -> L | D18: =process02!BF21 | E18: =process02!BG21 | F18: =process02!BH21 | G18: =process02!BI21 | H18: =process02!BJ21 | I18: =process02!BK21 | J18: =process02!BL21 | K18: =process02!BM21 | ... BA18: =process02!DC21 | BB18: =IF(Input02!CG10<>"",Input02!CG10,"")
A19: =IF(Input02!A11<>"",Input02!A11,"") -> 6 | B19: =IF(Input02!B11<>"",Input02!B11,"") -> ALFIN ARDIANSYAH NAWAWI | C19: =IF(Input02!C11<>"",Input02!C11,"") -> L | D19: =process02!BF22 | E19: =process02!BG22 | F19: =process02!BH22 | G19: =process02!BI22 | H19: =process02!BJ22 | I19: =process02!BK22 | J19: =process02!BL22 | K19: =process02!BM22 | ... BA19: =process02!DC22 | BB19: =IF(Input02!CG11<>"",Input02!CG11,"")
A20: =IF(Input02!A12<>"",Input02!A12,"") -> 7 | B20: =IF(Input02!B12<>"",Input02!B12,"") -> ALIF KHISBULLOH | C20: =IF(Input02!C12<>"",Input02!C12,"") -> L | D20: =process02!BF23 | E20: =process02!BG23 | F20: =process02!BH23 | G20: =process02!BI23 | H20: =process02!BJ23 | I20: =process02!BK23 | J20: =process02!BL23 | K20: =process02!BM23 | ... BA20: =process02!DC23 | BB20: =IF(Input02!CG12<>"",Input02!CG12,"")
A21: =IF(Input02!A13<>"",Input02!A13,"") -> 8 | B21: =IF(Input02!B13<>"",Input02!B13,"") -> AMELLIA AZZAH | C21: =IF(Input02!C13<>"",Input02!C13,"") -> P | D21: =process02!BF24 | E21: =process02!BG24 | F21: =process02!BH24 | G21: =process02!BI24 | H21: =process02!BJ24 | I21: =process02!BK24 | J21: =process02!BL24 | K21: =process02!BM24 | ... BA21: =process02!DC24 | BB21: =IF(Input02!CG13<>"",Input02!CG13,"")
A22: =IF(Input02!A14<>"",Input02!A14,"") -> 9 | B22: =IF(Input02!B14<>"",Input02!B14,"") -> ESTI ZAINAB SA'ADAH | C22: =IF(Input02!C14<>"",Input02!C14,"") -> P | D22: =process02!BF25 | E22: =process02!BG25 | F22: =process02!BH25 | G22: =process02!BI25 | H22: =process02!BJ25 | I22: =process02!BK25 | J22: =process02!BL25 | K22: =process02!BM25 | ... BA22: =process02!DC25 | BB22: =IF(Input02!CG14<>"",Input02!CG14,"")
A23: =IF(Input02!A15<>"",Input02!A15,"") -> 10 | B23: =IF(Input02!B15<>"",Input02!B15,"") -> FILZA MAWADATUN NISA | C23: =IF(Input02!C15<>"",Input02!C15,"") -> P | D23: =process02!BF26 | E23: =process02!BG26 | F23: =process02!BH26 | G23: =process02!BI26 | H23: =process02!BJ26 | I23: =process02!BK26 | J23: =process02!BL26 | K23: =process02!BM26 | ... BA23: =process02!DC26 | BB23: =IF(Input02!CG15<>"",Input02!CG15,"")
A24: =IF(Input02!A16<>"",Input02!A16,"") -> 11 | B24: =IF(Input02!B16<>"",Input02!B16,"") -> HERLINA TASKIA NUFUS | C24: =IF(Input02!C16<>"",Input02!C16,"") -> P | D24: =process02!BF27 | E24: =process02!BG27 | F24: =process02!BH27 | G24: =process02!BI27 | H24: =process02!BJ27 | I24: =process02!BK27 | J24: =process02!BL27 | K24: =process02!BM27 | ... BA24: =process02!DC27 | BB24: =IF(Input02!CG16<>"",Input02!CG16,"")
A25: =IF(Input02!A17<>"",Input02!A17,"") -> 12 | B25: =IF(Input02!B17<>"",Input02!B17,"") -> IRFANGI MAULANA AJRI | C25: =IF(Input02!C17<>"",Input02!C17,"") -> L | D25: =process02!BF28 | E25: =process02!BG28 | F25: =process02!BH28 | G25: =process02!BI28 | H25: =process02!BJ28 | I25: =process02!BK28 | J25: =process02!BL28 | K25: =process02!BM28 | ... BA25: =process02!DC28 | BB25: =IF(Input02!CG17<>"",Input02!CG17,"")
... A213: =IF(Input02!A205<>"",Input02!A205,"") -> 200 | B213: =IF(Input02!B205<>"",Input02!B205,"") | C213: =IF(Input02!C205<>"",Input02!C205,"") | D213: =process02!BF216 | E213: =process02!BG216 | F213: =process02!BH216 | G213: =process02!BI216 | H213: =process02!BJ216 | I213: =process02!BK216 | J213: =process02!BL216 | K213: =process02!BM216 | ... BA213: =process02!DC216 | BB213: =IF(Input02!CG205<>"",Input02!CG205,"")
A215: Keterangan:
B216: Jawaban salah

Sheet Data03
A2: Skor Jawaban Soal Isian Singkat
B4: Satuan Pendidikan | C4: =": "&Input01!B7 -> : MA Salafiyah Bantarsari
B5: Nama Tes | C5: =": "&Input01!B10 -> : Asesmen Sumatif Tengah Semester (ASTS)
B6: Mata Pelajaran | C6: =": "&Input01!B8 -> : Informatika
B7: Kelas/Program | C7: =": "&Input01!B9 -> : Fase F XI 5
B8: Tanggal Tes | C8: =": "&Input01!B16 -> : 23 September 2026
B9: Nama Guru | C9: =": "&Input01!B12 -> : Abdul Mu'iz
A11: No | B11: Nama | C11: Jenis Kelamin | D11: Nomor Soal
D12: 1 | E12: 2 | F12: 3 | G12: 4 | H12: 5 | I12: 6 | J12: 7 | K12: 8 | L12: 9 | M12: 10 | N12: 11 | O12: 12 | P12: 13 | Q12: 14 | R12: 15 | S12: 16 | T12: 17 | U12: 18 | V12: 19 | W12: 20
A13: -1 | B13: -2 | C13: -3 | D13: -4 | E13: -5 | F13: -6 | G13: -7 | H13: -8 | I13: -9 | J13: -10 | K13: -11 | L13: -12 | M13: -13 | N13: -14 | O13: -15 | P13: -16 | Q13: -17 | R13: -18 | S13: -19 | T13: -20 | U13: -21 | V13: -22 | W13: -23
A14: =IF(Input02!A6<>"",Input02!A6,"") -> 1 | B14: =IF(Input02!B6<>"",Input02!B6,"") -> ACHMAD FADILATUL KHANAN | C14: =IF(Input02!C6<>"",Input02!C6,"") -> L | D14: =IF(Input02!BB6<>"",Input02!BB6,"") -> 2 | E14: =IF(Input02!BC6<>"",Input02!BC6,"") -> 2 | F14: =IF(Input02!BD6<>"",Input02!BD6,"") -> 2 | G14: =IF(Input02!BE6<>"",Input02!BE6,"") -> 2 | H14: =IF(Input02!BF6<>"",Input02!BF6,"") -> 2 | I14: =IF(Input02!BG6<>"",Input02!BG6,"") | J14: =IF(Input02!BH6<>"",Input02!BH6,"") | K14: =IF(Input02!BI6<>"",Input02!BI6,"") | ... W14: =IF(Input02!BU6<>"",Input02!BU6,"")
A15: =IF(Input02!A7<>"",Input02!A7,"") -> 2 | B15: =IF(Input02!B7<>"",Input02!B7,"") -> AFRISA KHOERUNNISA | C15: =IF(Input02!C7<>"",Input02!C7,"") -> P | D15: =IF(Input02!BB7<>"",Input02!BB7,"") -> 2 | E15: =IF(Input02!BC7<>"",Input02!BC7,"") -> 2 | F15: =IF(Input02!BD7<>"",Input02!BD7,"") -> 2 | G15: =IF(Input02!BE7<>"",Input02!BE7,"") -> 2 | H15: =IF(Input02!BF7<>"",Input02!BF7,"") -> 2 | I15: =IF(Input02!BG7<>"",Input02!BG7,"") | J15: =IF(Input02!BH7<>"",Input02!BH7,"") | K15: =IF(Input02!BI7<>"",Input02!BI7,"") | ... W15: =IF(Input02!BU7<>"",Input02!BU7,"")
A16: =IF(Input02!A8<>"",Input02!A8,"") -> 3 | B16: =IF(Input02!B8<>"",Input02!B8,"") -> AHMAD SYAHRIAN RAMADAN | C16: =IF(Input02!C8<>"",Input02!C8,"") -> L | D16: =IF(Input02!BB8<>"",Input02!BB8,"") | E16: =IF(Input02!BC8<>"",Input02!BC8,"") | F16: =IF(Input02!BD8<>"",Input02!BD8,"") | G16: =IF(Input02!BE8<>"",Input02!BE8,"") | H16: =IF(Input02!BF8<>"",Input02!BF8,"") | I16: =IF(Input02!BG8<>"",Input02!BG8,"") | J16: =IF(Input02!BH8<>"",Input02!BH8,"") | K16: =IF(Input02!BI8<>"",Input02!BI8,"") | ... W16: =IF(Input02!BU8<>"",Input02!BU8,"")
A17: =IF(Input02!A9<>"",Input02!A9,"") -> 4 | B17: =IF(Input02!B9<>"",Input02!B9,"") -> AHMAD ULUN NUHA | C17: =IF(Input02!C9<>"",Input02!C9,"") -> L | D17: =IF(Input02!BB9<>"",Input02!BB9,"") | E17: =IF(Input02!BC9<>"",Input02!BC9,"") | F17: =IF(Input02!BD9<>"",Input02!BD9,"") | G17: =IF(Input02!BE9<>"",Input02!BE9,"") | H17: =IF(Input02!BF9<>"",Input02!BF9,"") | I17: =IF(Input02!BG9<>"",Input02!BG9,"") | J17: =IF(Input02!BH9<>"",Input02!BH9,"") | K17: =IF(Input02!BI9<>"",Input02!BI9,"") | ... W17: =IF(Input02!BU9<>"",Input02!BU9,"")
A18: =IF(Input02!A10<>"",Input02!A10,"") -> 5 | B18: =IF(Input02!B10<>"",Input02!B10,"") -> AHSINUL MUTHORIQ | C18: =IF(Input02!C10<>"",Input02!C10,"") -> L | D18: =IF(Input02!BB10<>"",Input02!BB10,"") | E18: =IF(Input02!BC10<>"",Input02!BC10,"") | F18: =IF(Input02!BD10<>"",Input02!BD10,"") | G18: =IF(Input02!BE10<>"",Input02!BE10,"") | H18: =IF(Input02!BF10<>"",Input02!BF10,"") | I18: =IF(Input02!BG10<>"",Input02!BG10,"") | J18: =IF(Input02!BH10<>"",Input02!BH10,"") | K18: =IF(Input02!BI10<>"",Input02!BI10,"") | ... W18: =IF(Input02!BU10<>"",Input02!BU10,"")
A19: =IF(Input02!A11<>"",Input02!A11,"") -> 6 | B19: =IF(Input02!B11<>"",Input02!B11,"") -> ALFIN ARDIANSYAH NAWAWI | C19: =IF(Input02!C11<>"",Input02!C11,"") -> L | D19: =IF(Input02!BB11<>"",Input02!BB11,"") | E19: =IF(Input02!BC11<>"",Input02!BC11,"") | F19: =IF(Input02!BD11<>"",Input02!BD11,"") | G19: =IF(Input02!BE11<>"",Input02!BE11,"") | H19: =IF(Input02!BF11<>"",Input02!BF11,"") | I19: =IF(Input02!BG11<>"",Input02!BG11,"") | J19: =IF(Input02!BH11<>"",Input02!BH11,"") | K19: =IF(Input02!BI11<>"",Input02!BI11,"") | ... W19: =IF(Input02!BU11<>"",Input02!BU11,"")
A20: =IF(Input02!A12<>"",Input02!A12,"") -> 7 | B20: =IF(Input02!B12<>"",Input02!B12,"") -> ALIF KHISBULLOH | C20: =IF(Input02!C12<>"",Input02!C12,"") -> L | D20: =IF(Input02!BB12<>"",Input02!BB12,"") | E20: =IF(Input02!BC12<>"",Input02!BC12,"") | F20: =IF(Input02!BD12<>"",Input02!BD12,"") | G20: =IF(Input02!BE12<>"",Input02!BE12,"") | H20: =IF(Input02!BF12<>"",Input02!BF12,"") | I20: =IF(Input02!BG12<>"",Input02!BG12,"") | J20: =IF(Input02!BH12<>"",Input02!BH12,"") | K20: =IF(Input02!BI12<>"",Input02!BI12,"") | ... W20: =IF(Input02!BU12<>"",Input02!BU12,"")
A21: =IF(Input02!A13<>"",Input02!A13,"") -> 8 | B21: =IF(Input02!B13<>"",Input02!B13,"") -> AMELLIA AZZAH | C21: =IF(Input02!C13<>"",Input02!C13,"") -> P | D21: =IF(Input02!BB13<>"",Input02!BB13,"") | E21: =IF(Input02!BC13<>"",Input02!BC13,"") | F21: =IF(Input02!BD13<>"",Input02!BD13,"") | G21: =IF(Input02!BE13<>"",Input02!BE13,"") | H21: =IF(Input02!BF13<>"",Input02!BF13,"") | I21: =IF(Input02!BG13<>"",Input02!BG13,"") | J21: =IF(Input02!BH13<>"",Input02!BH13,"") | K21: =IF(Input02!BI13<>"",Input02!BI13,"") | ... W21: =IF(Input02!BU13<>"",Input02!BU13,"")
A22: =IF(Input02!A14<>"",Input02!A14,"") -> 9 | B22: =IF(Input02!B14<>"",Input02!B14,"") -> ESTI ZAINAB SA'ADAH | C22: =IF(Input02!C14<>"",Input02!C14,"") -> P | D22: =IF(Input02!BB14<>"",Input02!BB14,"") | E22: =IF(Input02!BC14<>"",Input02!BC14,"") | F22: =IF(Input02!BD14<>"",Input02!BD14,"") | G22: =IF(Input02!BE14<>"",Input02!BE14,"") | H22: =IF(Input02!BF14<>"",Input02!BF14,"") | I22: =IF(Input02!BG14<>"",Input02!BG14,"") | J22: =IF(Input02!BH14<>"",Input02!BH14,"") | K22: =IF(Input02!BI14<>"",Input02!BI14,"") | ... W22: =IF(Input02!BU14<>"",Input02!BU14,"")
A23: =IF(Input02!A15<>"",Input02!A15,"") -> 10 | B23: =IF(Input02!B15<>"",Input02!B15,"") -> FILZA MAWADATUN NISA | C23: =IF(Input02!C15<>"",Input02!C15,"") -> P | D23: =IF(Input02!BB15<>"",Input02!BB15,"") | E23: =IF(Input02!BC15<>"",Input02!BC15,"") | F23: =IF(Input02!BD15<>"",Input02!BD15,"") | G23: =IF(Input02!BE15<>"",Input02!BE15,"") | H23: =IF(Input02!BF15<>"",Input02!BF15,"") | I23: =IF(Input02!BG15<>"",Input02!BG15,"") | J23: =IF(Input02!BH15<>"",Input02!BH15,"") | K23: =IF(Input02!BI15<>"",Input02!BI15,"") | ... W23: =IF(Input02!BU15<>"",Input02!BU15,"")
A24: =IF(Input02!A16<>"",Input02!A16,"") -> 11 | B24: =IF(Input02!B16<>"",Input02!B16,"") -> HERLINA TASKIA NUFUS | C24: =IF(Input02!C16<>"",Input02!C16,"") -> P | D24: =IF(Input02!BB16<>"",Input02!BB16,"") | E24: =IF(Input02!BC16<>"",Input02!BC16,"") | F24: =IF(Input02!BD16<>"",Input02!BD16,"") | G24: =IF(Input02!BE16<>"",Input02!BE16,"") | H24: =IF(Input02!BF16<>"",Input02!BF16,"") | I24: =IF(Input02!BG16<>"",Input02!BG16,"") | J24: =IF(Input02!BH16<>"",Input02!BH16,"") | K24: =IF(Input02!BI16<>"",Input02!BI16,"") | ... W24: =IF(Input02!BU16<>"",Input02!BU16,"")
A25: =IF(Input02!A17<>"",Input02!A17,"") -> 12 | B25: =IF(Input02!B17<>"",Input02!B17,"") -> IRFANGI MAULANA AJRI | C25: =IF(Input02!C17<>"",Input02!C17,"") -> L | D25: =IF(Input02!BB17<>"",Input02!BB17,"") | E25: =IF(Input02!BC17<>"",Input02!BC17,"") | F25: =IF(Input02!BD17<>"",Input02!BD17,"") | G25: =IF(Input02!BE17<>"",Input02!BE17,"") | H25: =IF(Input02!BF17<>"",Input02!BF17,"") | I25: =IF(Input02!BG17<>"",Input02!BG17,"") | J25: =IF(Input02!BH17<>"",Input02!BH17,"") | K25: =IF(Input02!BI17<>"",Input02!BI17,"") | ... W25: =IF(Input02!BU17<>"",Input02!BU17,"")
... A213: =IF(Input02!A205<>"",Input02!A205,"") -> 200 | B213: =IF(Input02!B205<>"",Input02!B205,"") | C213: =IF(Input02!C205<>"",Input02!C205,"") | D213: =IF(Input02!BB205<>"",Input02!BB205,"") | E213: =IF(Input02!BC205<>"",Input02!BC205,"") | F213: =IF(Input02!BD205<>"",Input02!BD205,"") | G213: =IF(Input02!BE205<>"",Input02!BE205,"") | H213: =IF(Input02!BF205<>"",Input02!BF205,"") | I213: =IF(Input02!BG205<>"",Input02!BG205,"") | J213: =IF(Input02!BH205<>"",Input02!BH205,"") | K213: =IF(Input02!BI205<>"",Input02!BI205,"") | ... W213: =IF(Input02!BU205<>"",Input02!BU205,"")

Sheet Data02
A2: Skor Jawaban Soal Essay
B4: Satuan Pendidikan | C4: =": "&Input01!B7 -> : MA Salafiyah Bantarsari
B5: Nama Tes | C5: =": "&Input01!B10 -> : Asesmen Sumatif Tengah Semester (ASTS)
B6: Mata Pelajaran | C6: =": "&Input01!B8 -> : Informatika
B7: Kelas/Program | C7: =": "&Input01!B9 -> : Fase F XI 5
B8: Tanggal Tes | C8: =": "&Input01!B16 -> : 23 September 2026
B9: Nama Guru | C9: =": "&Input01!B12 -> : Abdul Mu'iz
A11: No | B11: Nama | C11: Jenis Kelamin | D11: Nomor Soal
D12: 1 | E12: 2 | F12: 3 | G12: 4 | H12: 5 | I12: 6 | J12: 7 | K12: 8 | L12: 9 | M12: 10
A13: -1 | B13: -2 | C13: -3 | D13: -4 | E13: -5 | F13: -6 | G13: -7 | H13: -8 | I13: -9 | J13: -10 | K13: -11 | L13: -12 | M13: -13
A14: =IF(Input02!A6<>"",Input02!A6,"") -> 1 | B14: =IF(Input02!B6<>"",Input02!B6,"") -> ACHMAD FADILATUL KHANAN | C14: =IF(Input02!C6<>"",Input02!C6,"") -> L | D14: =IF(Input02!BV6<>"",Input02!BV6,"") | E14: =IF(Input02!BW6<>"",Input02!BW6,"") | F14: =IF(Input02!BX6<>"",Input02!BX6,"") | G14: =IF(Input02!BY6<>"",Input02!BY6,"") | H14: =IF(Input02!BZ6<>"",Input02!BZ6,"") | I14: =IF(Input02!CA6<>"",Input02!CA6,"") | J14: =IF(Input02!CB6<>"",Input02!CB6,"") | K14: =IF(Input02!CC6<>"",Input02!CC6,"") | ... M14: =IF(Input02!CE6<>"",Input02!CE6,"")
A15: =IF(Input02!A7<>"",Input02!A7,"") -> 2 | B15: =IF(Input02!B7<>"",Input02!B7,"") -> AFRISA KHOERUNNISA | C15: =IF(Input02!C7<>"",Input02!C7,"") -> P | D15: =IF(Input02!BV7<>"",Input02!BV7,"") | E15: =IF(Input02!BW7<>"",Input02!BW7,"") | F15: =IF(Input02!BX7<>"",Input02!BX7,"") | G15: =IF(Input02!BY7<>"",Input02!BY7,"") | H15: =IF(Input02!BZ7<>"",Input02!BZ7,"") | I15: =IF(Input02!CA7<>"",Input02!CA7,"") | J15: =IF(Input02!CB7<>"",Input02!CB7,"") | K15: =IF(Input02!CC7<>"",Input02!CC7,"") | ... M15: =IF(Input02!CE7<>"",Input02!CE7,"")
A16: =IF(Input02!A8<>"",Input02!A8,"") -> 3 | B16: =IF(Input02!B8<>"",Input02!B8,"") -> AHMAD SYAHRIAN RAMADAN | C16: =IF(Input02!C8<>"",Input02!C8,"") -> L | D16: =IF(Input02!BV8<>"",Input02!BV8,"") | E16: =IF(Input02!BW8<>"",Input02!BW8,"") | F16: =IF(Input02!BX8<>"",Input02!BX8,"") | G16: =IF(Input02!BY8<>"",Input02!BY8,"") | H16: =IF(Input02!BZ8<>"",Input02!BZ8,"") | I16: =IF(Input02!CA8<>"",Input02!CA8,"") | J16: =IF(Input02!CB8<>"",Input02!CB8,"") | K16: =IF(Input02!CC8<>"",Input02!CC8,"") | ... M16: =IF(Input02!CE8<>"",Input02!CE8,"")
A17: =IF(Input02!A9<>"",Input02!A9,"") -> 4 | B17: =IF(Input02!B9<>"",Input02!B9,"") -> AHMAD ULUN NUHA | C17: =IF(Input02!C9<>"",Input02!C9,"") -> L | D17: =IF(Input02!BV9<>"",Input02!BV9,"") | E17: =IF(Input02!BW9<>"",Input02!BW9,"") | F17: =IF(Input02!BX9<>"",Input02!BX9,"") | G17: =IF(Input02!BY9<>"",Input02!BY9,"") | H17: =IF(Input02!BZ9<>"",Input02!BZ9,"") | I17: =IF(Input02!CA9<>"",Input02!CA9,"") | J17: =IF(Input02!CB9<>"",Input02!CB9,"") | K17: =IF(Input02!CC9<>"",Input02!CC9,"") | ... M17: =IF(Input02!CE9<>"",Input02!CE9,"")
A18: =IF(Input02!A10<>"",Input02!A10,"") -> 5 | B18: =IF(Input02!B10<>"",Input02!B10,"") -> AHSINUL MUTHORIQ | C18: =IF(Input02!C10<>"",Input02!C10,"") -> L | D18: =IF(Input02!BV10<>"",Input02!BV10,"") | E18: =IF(Input02!BW10<>"",Input02!BW10,"") | F18: =IF(Input02!BX10<>"",Input02!BX10,"") | G18: =IF(Input02!BY10<>"",Input02!BY10,"") | H18: =IF(Input02!BZ10<>"",Input02!BZ10,"") | I18: =IF(Input02!CA10<>"",Input02!CA10,"") | J18: =IF(Input02!CB10<>"",Input02!CB10,"") | K18: =IF(Input02!CC10<>"",Input02!CC10,"") | ... M18: =IF(Input02!CE10<>"",Input02!CE10,"")
A19: =IF(Input02!A11<>"",Input02!A11,"") -> 6 | B19: =IF(Input02!B11<>"",Input02!B11,"") -> ALFIN ARDIANSYAH NAWAWI | C19: =IF(Input02!C11<>"",Input02!C11,"") -> L | D19: =IF(Input02!BV11<>"",Input02!BV11,"") | E19: =IF(Input02!BW11<>"",Input02!BW11,"") | F19: =IF(Input02!BX11<>"",Input02!BX11,"") | G19: =IF(Input02!BY11<>"",Input02!BY11,"") | H19: =IF(Input02!BZ11<>"",Input02!BZ11,"") | I19: =IF(Input02!CA11<>"",Input02!CA11,"") | J19: =IF(Input02!CB11<>"",Input02!CB11,"") | K19: =IF(Input02!CC11<>"",Input02!CC11,"") | ... M19: =IF(Input02!CE11<>"",Input02!CE11,"")
A20: =IF(Input02!A12<>"",Input02!A12,"") -> 7 | B20: =IF(Input02!B12<>"",Input02!B12,"") -> ALIF KHISBULLOH | C20: =IF(Input02!C12<>"",Input02!C12,"") -> L | D20: =IF(Input02!BV12<>"",Input02!BV12,"") | E20: =IF(Input02!BW12<>"",Input02!BW12,"") | F20: =IF(Input02!BX12<>"",Input02!BX12,"") | G20: =IF(Input02!BY12<>"",Input02!BY12,"") | H20: =IF(Input02!BZ12<>"",Input02!BZ12,"") | I20: =IF(Input02!CA12<>"",Input02!CA12,"") | J20: =IF(Input02!CB12<>"",Input02!CB12,"") | K20: =IF(Input02!CC12<>"",Input02!CC12,"") | ... M20: =IF(Input02!CE12<>"",Input02!CE12,"")
A21: =IF(Input02!A13<>"",Input02!A13,"") -> 8 | B21: =IF(Input02!B13<>"",Input02!B13,"") -> AMELLIA AZZAH | C21: =IF(Input02!C13<>"",Input02!C13,"") -> P | D21: =IF(Input02!BV13<>"",Input02!BV13,"") | E21: =IF(Input02!BW13<>"",Input02!BW13,"") | F21: =IF(Input02!BX13<>"",Input02!BX13,"") | G21: =IF(Input02!BY13<>"",Input02!BY13,"") | H21: =IF(Input02!BZ13<>"",Input02!BZ13,"") | I21: =IF(Input02!CA13<>"",Input02!CA13,"") | J21: =IF(Input02!CB13<>"",Input02!CB13,"") | K21: =IF(Input02!CC13<>"",Input02!CC13,"") | ... M21: =IF(Input02!CE13<>"",Input02!CE13,"")
A22: =IF(Input02!A14<>"",Input02!A14,"") -> 9 | B22: =IF(Input02!B14<>"",Input02!B14,"") -> ESTI ZAINAB SA'ADAH | C22: =IF(Input02!C14<>"",Input02!C14,"") -> P | D22: =IF(Input02!BV14<>"",Input02!BV14,"") | E22: =IF(Input02!BW14<>"",Input02!BW14,"") | F22: =IF(Input02!BX14<>"",Input02!BX14,"") | G22: =IF(Input02!BY14<>"",Input02!BY14,"") | H22: =IF(Input02!BZ14<>"",Input02!BZ14,"") | I22: =IF(Input02!CA14<>"",Input02!CA14,"") | J22: =IF(Input02!CB14<>"",Input02!CB14,"") | K22: =IF(Input02!CC14<>"",Input02!CC14,"") | ... M22: =IF(Input02!CE14<>"",Input02!CE14,"")
A23: =IF(Input02!A15<>"",Input02!A15,"") -> 10 | B23: =IF(Input02!B15<>"",Input02!B15,"") -> FILZA MAWADATUN NISA | C23: =IF(Input02!C15<>"",Input02!C15,"") -> P | D23: =IF(Input02!BV15<>"",Input02!BV15,"") | E23: =IF(Input02!BW15<>"",Input02!BW15,"") | F23: =IF(Input02!BX15<>"",Input02!BX15,"") | G23: =IF(Input02!BY15<>"",Input02!BY15,"") | H23: =IF(Input02!BZ15<>"",Input02!BZ15,"") | I23: =IF(Input02!CA15<>"",Input02!CA15,"") | J23: =IF(Input02!CB15<>"",Input02!CB15,"") | K23: =IF(Input02!CC15<>"",Input02!CC15,"") | ... M23: =IF(Input02!CE15<>"",Input02!CE15,"")
A24: =IF(Input02!A16<>"",Input02!A16,"") -> 11 | B24: =IF(Input02!B16<>"",Input02!B16,"") -> HERLINA TASKIA NUFUS | C24: =IF(Input02!C16<>"",Input02!C16,"") -> P | D24: =IF(Input02!BV16<>"",Input02!BV16,"") | E24: =IF(Input02!BW16<>"",Input02!BW16,"") | F24: =IF(Input02!BX16<>"",Input02!BX16,"") | G24: =IF(Input02!BY16<>"",Input02!BY16,"") | H24: =IF(Input02!BZ16<>"",Input02!BZ16,"") | I24: =IF(Input02!CA16<>"",Input02!CA16,"") | J24: =IF(Input02!CB16<>"",Input02!CB16,"") | K24: =IF(Input02!CC16<>"",Input02!CC16,"") | ... M24: =IF(Input02!CE16<>"",Input02!CE16,"")
A25: =IF(Input02!A17<>"",Input02!A17,"") -> 12 | B25: =IF(Input02!B17<>"",Input02!B17,"") -> IRFANGI MAULANA AJRI | C25: =IF(Input02!C17<>"",Input02!C17,"") -> L | D25: =IF(Input02!BV17<>"",Input02!BV17,"") | E25: =IF(Input02!BW17<>"",Input02!BW17,"") | F25: =IF(Input02!BX17<>"",Input02!BX17,"") | G25: =IF(Input02!BY17<>"",Input02!BY17,"") | H25: =IF(Input02!BZ17<>"",Input02!BZ17,"") | I25: =IF(Input02!CA17<>"",Input02!CA17,"") | J25: =IF(Input02!CB17<>"",Input02!CB17,"") | K25: =IF(Input02!CC17<>"",Input02!CC17,"") | ... M25: =IF(Input02!CE17<>"",Input02!CE17,"")
... A213: =IF(Input02!A205<>"",Input02!A205,"") -> 200 | B213: =IF(Input02!B205<>"",Input02!B205,"") | C213: =IF(Input02!C205<>"",Input02!C205,"") | D213: =IF(Input02!BV205<>"",Input02!BV205,"") | E213: =IF(Input02!BW205<>"",Input02!BW205,"") | F213: =IF(Input02!BX205<>"",Input02!BX205,"") | G213: =IF(Input02!BY205<>"",Input02!BY205,"") | H213: =IF(Input02!BZ205<>"",Input02!BZ205,"") | I213: =IF(Input02!CA205<>"",Input02!CA205,"") | J213: =IF(Input02!CB205<>"",Input02!CB205,"") | K213: =IF(Input02!CC205<>"",Input02!CC205,"") | ... M213: =IF(Input02!CE205<>"",Input02!CE205,"")

Sheet Peserta
A2: DAFTAR NILAI SISWA
A4: =Input01!A7 -> Satuan Pendidikan | D4: =": "&Input01!B7 -> : MA Salafiyah Bantarsari
A5: =Input01!A10 -> Nama Tes | D5: =": "&Input01!B10 -> : Asesmen Sumatif Tengah Semester (ASTS)
A6: =Input01!A8 -> Mata Pelajaran | D6: =": "&Input01!B8 -> : Informatika
A7: =Input01!A9 -> Kelas/Program | D7: =": "&Input01!B9 -> : Fase F XI 5 | K7: KKM
A8: =Input01!A16 -> Tanggal Tes | D8: =": "&Input01!B16 -> : 23 September 2026 | K8: =Input01!B23 -> 67
A9: =Input01!A11 -> Pokok Bahasan/Sub | D9: =": "&Input01!B11 -> : Bab 1, 2
A10: No | B10: Nama Peserta | C10: L/P | D10: ="Tes Objektif ("&Input01!B29*100&"%)" -> Tes Objektif (100%) | G10: ="Nilai Tes Isian ("&Input01!B30*100&"%)" -> Nilai Tes Isian (100%) | H10: ="Nilai Tes Essay ("&Input01!B31*100&"%)" -> Nilai Tes Essay (0%) | I10: Nilai Akhir | J10: Predikat | K10: Keterangan
D11: Benar | E11: Salah | F11: Nilai
A12: -1 | B12: -2 | C12: -3 | D12: -4 | E12: -5 | F12: -6 | G12: -7 | H12: -8 | I12: -9 | J12: -10 | K12: -11
A13: 1 | B13: =IF(Input02!B6="","",Input02!B6) -> ACHMAD FADILATUL KHANAN | C13: =IF(Input02!C6="","",Input02!C6) -> L | D13: =IF(process02!DD17="","",process02!DD17) -> 3 | E13: =IF(process02!DE17="","",process02!DE17) -> 32 | F13: =IF(process01!C8="","",process01!C8) -> 8.5714286 | G13: =IF(process01!T8="","",process01!T8) -> 200 | H13: =IF(process01!U8="","",process01!U8) -> 0 | I13: =IF(process01!X8="","",process01!X8) -> 208.57143 | J13: =IF(process01!Y8="","",process01!Y8) -> A | K13: =IF(I13="","",IF(process01!Z8=0,"Belum tuntas","Tuntas")) -> Tuntas
A14: =A13+1 -> 2 | B14: =IF(Input02!B7="","",Input02!B7) -> AFRISA KHOERUNNISA | C14: =IF(Input02!C7="","",Input02!C7) -> P | D14: =IF(process02!DD18="","",process02!DD18) -> 7 | E14: =IF(process02!DE18="","",process02!DE18) -> 28 | F14: =IF(process01!C9="","",process01!C9) -> 20 | G14: =IF(process01!T9="","",process01!T9) -> 200 | H14: =IF(process01!U9="","",process01!U9) -> 0 | I14: =IF(process01!X9="","",process01!X9) -> 220 | J14: =IF(process01!Y9="","",process01!Y9) -> A | K14: =IF(I14="","",IF(process01!Z9=0,"Belum tuntas","Tuntas")) -> Tuntas
A15: =A14+1 -> 3 | B15: =IF(Input02!B8="","",Input02!B8) -> AHMAD SYAHRIAN RAMADAN | C15: =IF(Input02!C8="","",Input02!C8) -> L | D15: =IF(process02!DD19="","",process02!DD19) | E15: =IF(process02!DE19="","",process02!DE19) | F15: =IF(process01!C10="","",process01!C10) | G15: =IF(process01!T10="","",process01!T10) -> 0 | H15: =IF(process01!U10="","",process01!U10) -> 0 | I15: =IF(process01!X10="","",process01!X10) | J15: =IF(process01!Y10="","",process01!Y10) | K15: =IF(I15="","",IF(process01!Z10=0,"Belum tuntas","Tuntas"))
A16: =A15+1 -> 4 | B16: =IF(Input02!B9="","",Input02!B9) -> AHMAD ULUN NUHA | C16: =IF(Input02!C9="","",Input02!C9) -> L | D16: =IF(process02!DD20="","",process02!DD20) | E16: =IF(process02!DE20="","",process02!DE20) | F16: =IF(process01!C11="","",process01!C11) | G16: =IF(process01!T11="","",process01!T11) -> 0 | H16: =IF(process01!U11="","",process01!U11) -> 0 | I16: =IF(process01!X11="","",process01!X11) | J16: =IF(process01!Y11="","",process01!Y11) | K16: =IF(I16="","",IF(process01!Z11=0,"Belum tuntas","Tuntas"))
A17: =A16+1 -> 5 | B17: =IF(Input02!B10="","",Input02!B10) -> AHSINUL MUTHORIQ | C17: =IF(Input02!C10="","",Input02!C10) -> L | D17: =IF(process02!DD21="","",process02!DD21) | E17: =IF(process02!DE21="","",process02!DE21) | F17: =IF(process01!C12="","",process01!C12) | G17: =IF(process01!T12="","",process01!T12) -> 0 | H17: =IF(process01!U12="","",process01!U12) -> 0 | I17: =IF(process01!X12="","",process01!X12) | J17: =IF(process01!Y12="","",process01!Y12) | K17: =IF(I17="","",IF(process01!Z12=0,"Belum tuntas","Tuntas"))
A18: =A17+1 -> 6 | B18: =IF(Input02!B11="","",Input02!B11) -> ALFIN ARDIANSYAH NAWAWI | C18: =IF(Input02!C11="","",Input02!C11) -> L | D18: =IF(process02!DD22="","",process02!DD22) | E18: =IF(process02!DE22="","",process02!DE22) | F18: =IF(process01!C13="","",process01!C13) | G18: =IF(process01!T13="","",process01!T13) -> 0 | H18: =IF(process01!U13="","",process01!U13) -> 0 | I18: =IF(process01!X13="","",process01!X13) | J18: =IF(process01!Y13="","",process01!Y13) | K18: =IF(I18="","",IF(process01!Z13=0,"Belum tuntas","Tuntas"))
A19: =A18+1 -> 7 | B19: =IF(Input02!B12="","",Input02!B12) -> ALIF KHISBULLOH | C19: =IF(Input02!C12="","",Input02!C12) -> L | D19: =IF(process02!DD23="","",process02!DD23) | E19: =IF(process02!DE23="","",process02!DE23) | F19: =IF(process01!C14="","",process01!C14) | G19: =IF(process01!T14="","",process01!T14) -> 0 | H19: =IF(process01!U14="","",process01!U14) -> 0 | I19: =IF(process01!X14="","",process01!X14) | J19: =IF(process01!Y14="","",process01!Y14) | K19: =IF(I19="","",IF(process01!Z14=0,"Belum tuntas","Tuntas"))
A20: =A19+1 -> 8 | B20: =IF(Input02!B13="","",Input02!B13) -> AMELLIA AZZAH | C20: =IF(Input02!C13="","",Input02!C13) -> P | D20: =IF(process02!DD24="","",process02!DD24) | E20: =IF(process02!DE24="","",process02!DE24) | F20: =IF(process01!C15="","",process01!C15) | G20: =IF(process01!T15="","",process01!T15) -> 0 | H20: =IF(process01!U15="","",process01!U15) -> 0 | I20: =IF(process01!X15="","",process01!X15) | J20: =IF(process01!Y15="","",process01!Y15) | K20: =IF(I20="","",IF(process01!Z15=0,"Belum tuntas","Tuntas"))
A21: =A20+1 -> 9 | B21: =IF(Input02!B14="","",Input02!B14) -> ESTI ZAINAB SA'ADAH | C21: =IF(Input02!C14="","",Input02!C14) -> P | D21: =IF(process02!DD25="","",process02!DD25) | E21: =IF(process02!DE25="","",process02!DE25) | F21: =IF(process01!C16="","",process01!C16) | G21: =IF(process01!T16="","",process01!T16) -> 0 | H21: =IF(process01!U16="","",process01!U16) -> 0 | I21: =IF(process01!X16="","",process01!X16) | J21: =IF(process01!Y16="","",process01!Y16) | K21: =IF(I21="","",IF(process01!Z16=0,"Belum tuntas","Tuntas"))
A22: =A21+1 -> 10 | B22: =IF(Input02!B15="","",Input02!B15) -> FILZA MAWADATUN NISA | C22: =IF(Input02!C15="","",Input02!C15) -> P | D22: =IF(process02!DD26="","",process02!DD26) | E22: =IF(process02!DE26="","",process02!DE26) | F22: =IF(process01!C17="","",process01!C17) | G22: =IF(process01!T17="","",process01!T17) -> 0 | H22: =IF(process01!U17="","",process01!U17) -> 0 | I22: =IF(process01!X17="","",process01!X17) | J22: =IF(process01!Y17="","",process01!Y17) | K22: =IF(I22="","",IF(process01!Z17=0,"Belum tuntas","Tuntas"))
A23: =A22+1 -> 11 | B23: =IF(Input02!B16="","",Input02!B16) -> HERLINA TASKIA NUFUS | C23: =IF(Input02!C16="","",Input02!C16) -> P | D23: =IF(process02!DD27="","",process02!DD27) | E23: =IF(process02!DE27="","",process02!DE27) | F23: =IF(process01!C18="","",process01!C18) | G23: =IF(process01!T18="","",process01!T18) -> 0 | H23: =IF(process01!U18="","",process01!U18) -> 0 | I23: =IF(process01!X18="","",process01!X18) | J23: =IF(process01!Y18="","",process01!Y18) | K23: =IF(I23="","",IF(process01!Z18=0,"Belum tuntas","Tuntas"))
A24: =A23+1 -> 12 | B24: =IF(Input02!B17="","",Input02!B17) -> IRFANGI MAULANA AJRI | C24: =IF(Input02!C17="","",Input02!C17) -> L | D24: =IF(process02!DD28="","",process02!DD28) | E24: =IF(process02!DE28="","",process02!DE28) | F24: =IF(process01!C19="","",process01!C19) | G24: =IF(process01!T19="","",process01!T19) -> 0 | H24: =IF(process01!U19="","",process01!U19) -> 0 | I24: =IF(process01!X19="","",process01!X19) | J24: =IF(process01!Y19="","",process01!Y19) | K24: =IF(I24="","",IF(process01!Z19=0,"Belum tuntas","Tuntas"))
A25: =A24+1 -> 13 | B25: =IF(Input02!B18="","",Input02!B18) -> IRMA SURYANINGSIH | C25: =IF(Input02!C18="","",Input02!C18) -> P | D25: =IF(process02!DD29="","",process02!DD29) | E25: =IF(process02!DE29="","",process02!DE29) | F25: =IF(process01!C20="","",process01!C20) | G25: =IF(process01!T20="","",process01!T20) -> 0 | H25: =IF(process01!U20="","",process01!U20) -> 0 | I25: =IF(process01!X20="","",process01!X20) | J25: =IF(process01!Y20="","",process01!Y20) | K25: =IF(I25="","",IF(process01!Z20=0,"Belum tuntas","Tuntas"))
... A212: =A211+1 -> 200 | B212: =IF(Input02!B205="","",Input02!B205) | C212: =IF(Input02!C205="","",Input02!C205) | D212: =IF(process02!DD216="","",process02!DD216) | E212: =IF(process02!DE216="","",process02!DE216) | F212: =IF(process01!C207="","",process01!C207) | G212: =IF(process01!T207="","",process01!T207) | H212: =IF(process01!U207="","",process01!U207) | I212: =IF(process01!X207="","",process01!X207) | J212: =IF(process01!Y207="","",process01!Y207) | K212: =IF(I212="","",IF(process01!Z207=0,"Belum tuntas","Tuntas"))
A214: - Jumlah peserta test = | C214: =COUNT(I13:I212) -> 2 | D214: Rata-rata = | F214: =AVERAGE(F13:F213) -> 14.285714 | G214: =AVERAGE(G13:G213) -> 13.333333 | H214: =AVERAGE(H13:H213) -> 0 | I214: =AVERAGE(I13:I213) -> 214.28571
A215: - Jumlah yang tuntas = | C215: =COUNTIF(K13:K212,"Tuntas") -> 2 | D215: Terendah = | F215: =MIN(F13:F213) -> 8.5714286 | G215: =MIN(G13:G213) -> 0 | H215: =MIN(H13:H213) -> 0 | I215: =MIN(I13:I213) -> 208.57143
A216: - Jumlah yang belum tuntas = | C216: =C214-C215 -> 0 | D216: Tertinggi = | F216: =MAX(F13:F213) -> 20 | G216: =MAX(G13:G213) -> 200 | H216: =MAX(H13:H213) -> 0 | I216: =MAX(I13:I213) -> 220
A217: - Persentase peserta tuntas = | C217: =100*C215/C214 -> 100 | D217: Daya Serap = | F217: =F214/Input01!$B$22 -> 0.14285714 | G217: =G214/Input01!$B$22 -> 0.13333333 | H217: =H214/Input01!$B$22 -> 0 | I217: =I214/Input01!$B$22 -> 2.1428571
A218: - Persentase peserta belum tuntas = | C218: =100-C217 -> 0 | D218: Std Deviasi = | F218: =STDEV(F13:F213) -> 8.0812204 | G218: =STDEV(G13:G213) -> 50.741626 | H218: =STDEV(H13:H213) -> 0 | I218: =STDEV(I13:I213) -> 8.0812204
A220: Mengetahui : | F220: =Input01!$B$20&", "&Input01!$B$21 -> Bantarsari, 15 Oktober 2026
A221: ="Kepala "&Input01!$B$7 -> Kepala MA Salafiyah Bantarsari | F221: Guru Mata Pelajaran
A226: =Input01!$B$18 -> H. Achmad Chuzin, S.Pd. | F226: =Input01!$B$12 -> Abdul Mu'iz
A227: ="NIP "&Input01!$B$19 -> NIP - | F227: ="NIP "&Input01!$B$13 -> NIP -

Sheet Objektif01
A2: HASIL ANALISIS SOAL PILIHAN GANDA
A4: =Input01!A7 -> Satuan Pendidikan | D4: =": "&Input01!B7 -> : MA Salafiyah Bantarsari
A5: =Input01!A10 -> Nama Tes | D5: =": "&Input01!B10 -> : Asesmen Sumatif Tengah Semester (ASTS)
A6: =Input01!A8 -> Mata Pelajaran | D6: =": "&Input01!B8 -> : Informatika
A7: =Input01!A9 -> Kelas/Program | D7: =": "&Input01!B9 -> : Fase F XI 5
A8: =Input01!A16 -> Tanggal Tes | D8: =": "&Input01!B16 -> : 23 September 2026
A9: =Input01!A11 -> Pokok Bahasan/Sub | D9: =": "&Input01!B11 -> : Bab 1, 2
A10: No Butir | B10: Daya Beda | D10: Tingkat Kesukaran | F10: Alternatif Jawaban Tidak Efektif | G10: Keterangan
B11: Koefisien | C11: Keterangan | D11: Koefisien | E11: Keterangan
A12: -1 | B12: -2 | C12: -3 | D12: -4 | E12: -5 | F12: -6 | G12: -7
A13: 1 | B13: =HLOOKUP($A13,process02!$BF$225:$DC$228,2) -> 0 | C13: =HLOOKUP($A13,process02!$BF$235:$DC$239,2) -> Tidak Baik | D13: =HLOOKUP($A13,process02!$BF$225:$DC$228,3) -> 0 | E13: =HLOOKUP($A13,process02!$BF$235:$DC$239,3) -> Sulit | F13: =HLOOKUP($A13,process02!$BF$225:$DC$228,4) -> ACE | G13: =HLOOKUP($A13,process02!$BF$235:$DC$239,5) -> Tidak Baik
A14: =A13+1 -> 2 | B14: =HLOOKUP($A14,process02!$BF$225:$DC$228,2) -> 0 | C14: =HLOOKUP($A14,process02!$BF$235:$DC$239,2) -> Tidak Baik | D14: =HLOOKUP($A14,process02!$BF$225:$DC$228,3) -> 0 | E14: =HLOOKUP($A14,process02!$BF$235:$DC$239,3) -> Sulit | F14: =HLOOKUP($A14,process02!$BF$225:$DC$228,4) -> ADE | G14: =HLOOKUP($A14,process02!$BF$235:$DC$239,5) -> Tidak Baik
A15: =A14+1 -> 3 | B15: =HLOOKUP($A15,process02!$BF$225:$DC$228,2) -> 0 | C15: =HLOOKUP($A15,process02!$BF$235:$DC$239,2) -> Tidak Baik | D15: =HLOOKUP($A15,process02!$BF$225:$DC$228,3) -> 1 | E15: =HLOOKUP($A15,process02!$BF$235:$DC$239,3) -> Mudah | F15: =HLOOKUP($A15,process02!$BF$225:$DC$228,4) -> ABDE | G15: =HLOOKUP($A15,process02!$BF$235:$DC$239,5) -> Tidak Baik
A16: =A15+1 -> 4 | B16: =HLOOKUP($A16,process02!$BF$225:$DC$228,2) -> -1 | C16: =HLOOKUP($A16,process02!$BF$235:$DC$239,2) -> Tidak Baik | D16: =HLOOKUP($A16,process02!$BF$225:$DC$228,3) -> 0.5 | E16: =HLOOKUP($A16,process02!$BF$235:$DC$239,3) -> Sedang | F16: =HLOOKUP($A16,process02!$BF$225:$DC$228,4) -> BCD | G16: =HLOOKUP($A16,process02!$BF$235:$DC$239,5) -> Tidak Baik
A17: =A16+1 -> 5 | B17: =HLOOKUP($A17,process02!$BF$225:$DC$228,2) -> 0 | C17: =HLOOKUP($A17,process02!$BF$235:$DC$239,2) -> Tidak Baik | D17: =HLOOKUP($A17,process02!$BF$225:$DC$228,3) -> 0 | E17: =HLOOKUP($A17,process02!$BF$235:$DC$239,3) -> Sulit | F17: =HLOOKUP($A17,process02!$BF$225:$DC$228,4) -> ADE | G17: =HLOOKUP($A17,process02!$BF$235:$DC$239,5) -> Tidak Baik
A18: =A17+1 -> 6 | B18: =HLOOKUP($A18,process02!$BF$225:$DC$228,2) -> 0 | C18: =HLOOKUP($A18,process02!$BF$235:$DC$239,2) -> Tidak Baik | D18: =HLOOKUP($A18,process02!$BF$225:$DC$228,3) -> 0 | E18: =HLOOKUP($A18,process02!$BF$235:$DC$239,3) -> Sulit | F18: =HLOOKUP($A18,process02!$BF$225:$DC$228,4) -> CDE | G18: =HLOOKUP($A18,process02!$BF$235:$DC$239,5) -> Tidak Baik
A19: =A18+1 -> 7 | B19: =HLOOKUP($A19,process02!$BF$225:$DC$228,2) -> 1 | C19: =HLOOKUP($A19,process02!$BF$235:$DC$239,2) -> Baik | D19: =HLOOKUP($A19,process02!$BF$225:$DC$228,3) -> 0.5 | E19: =HLOOKUP($A19,process02!$BF$235:$DC$239,3) -> Sedang | F19: =HLOOKUP($A19,process02!$BF$225:$DC$228,4) -> ACE | G19: =HLOOKUP($A19,process02!$BF$235:$DC$239,5) -> Revisi Pengecoh
A20: =A19+1 -> 8 | B20: =HLOOKUP($A20,process02!$BF$225:$DC$228,2) -> 0 | C20: =HLOOKUP($A20,process02!$BF$235:$DC$239,2) -> Tidak Baik | D20: =HLOOKUP($A20,process02!$BF$225:$DC$228,3) -> 0 | E20: =HLOOKUP($A20,process02!$BF$235:$DC$239,3) -> Sulit | F20: =HLOOKUP($A20,process02!$BF$225:$DC$228,4) -> ADE | G20: =HLOOKUP($A20,process02!$BF$235:$DC$239,5) -> Tidak Baik
A21: =A20+1 -> 9 | B21: =HLOOKUP($A21,process02!$BF$225:$DC$228,2) -> 0 | C21: =HLOOKUP($A21,process02!$BF$235:$DC$239,2) -> Tidak Baik | D21: =HLOOKUP($A21,process02!$BF$225:$DC$228,3) -> 0 | E21: =HLOOKUP($A21,process02!$BF$235:$DC$239,3) -> Sulit | F21: =HLOOKUP($A21,process02!$BF$225:$DC$228,4) -> ADE | G21: =HLOOKUP($A21,process02!$BF$235:$DC$239,5) -> Tidak Baik
A22: =A21+1 -> 10 | B22: =HLOOKUP($A22,process02!$BF$225:$DC$228,2) -> 1 | C22: =HLOOKUP($A22,process02!$BF$235:$DC$239,2) -> Baik | D22: =HLOOKUP($A22,process02!$BF$225:$DC$228,3) -> 0.5 | E22: =HLOOKUP($A22,process02!$BF$235:$DC$239,3) -> Sedang | F22: =HLOOKUP($A22,process02!$BF$225:$DC$228,4) -> ADE | G22: =HLOOKUP($A22,process02!$BF$235:$DC$239,5) -> Revisi Pengecoh
A23: =A22+1 -> 11 | B23: =HLOOKUP($A23,process02!$BF$225:$DC$228,2) -> 1 | C23: =HLOOKUP($A23,process02!$BF$235:$DC$239,2) -> Baik | D23: =HLOOKUP($A23,process02!$BF$225:$DC$228,3) -> 0.5 | E23: =HLOOKUP($A23,process02!$BF$235:$DC$239,3) -> Sedang | F23: =HLOOKUP($A23,process02!$BF$225:$DC$228,4) -> BDE | G23: =HLOOKUP($A23,process02!$BF$235:$DC$239,5) -> Revisi Pengecoh
A24: =A23+1 -> 12 | B24: =HLOOKUP($A24,process02!$BF$225:$DC$228,2) -> 0 | C24: =HLOOKUP($A24,process02!$BF$235:$DC$239,2) -> Tidak Baik | D24: =HLOOKUP($A24,process02!$BF$225:$DC$228,3) -> 0 | E24: =HLOOKUP($A24,process02!$BF$235:$DC$239,3) -> Sulit | F24: =HLOOKUP($A24,process02!$BF$225:$DC$228,4) -> ACD | G24: =HLOOKUP($A24,process02!$BF$235:$DC$239,5) -> Tidak Baik
A25: =A24+1 -> 13 | B25: =HLOOKUP($A25,process02!$BF$225:$DC$228,2) -> 0 | C25: =HLOOKUP($A25,process02!$BF$235:$DC$239,2) -> Tidak Baik | D25: =HLOOKUP($A25,process02!$BF$225:$DC$228,3) -> 0 | E25: =HLOOKUP($A25,process02!$BF$235:$DC$239,3) -> Sulit | F25: =HLOOKUP($A25,process02!$BF$225:$DC$228,4) -> ADE | G25: =HLOOKUP($A25,process02!$BF$235:$DC$239,5) -> Tidak Baik
... A61: =A60+1 -> 49 | B61: =HLOOKUP($A61,process02!$BF$225:$DC$228,2) -> - | C61: =HLOOKUP($A61,process02!$BF$235:$DC$239,2) -> - | D61: =HLOOKUP($A61,process02!$BF$225:$DC$228,3) -> - | E61: =HLOOKUP($A61,process02!$BF$235:$DC$239,3) -> - | F61: =HLOOKUP($A61,process02!$BF$225:$DC$228,4) -> - | G61: =HLOOKUP($A61,process02!$BF$235:$DC$239,5) -> -
A62: 50 | B62: =HLOOKUP($A62,process02!$BF$225:$DC$228,2) -> - | C62: =HLOOKUP($A62,process02!$BF$235:$DC$239,2) -> - | D62: =HLOOKUP($A62,process02!$BF$225:$DC$228,3) -> - | E62: =HLOOKUP($A62,process02!$BF$235:$DC$239,3) -> - | F62: =HLOOKUP($A62,process02!$BF$225:$DC$228,4) -> - | G62: =HLOOKUP($A62,process02!$BF$235:$DC$239,5) -> -
A65: Mengetahui : | F65: =Input01!$B$20&", "&Input01!$B$21 -> Bantarsari, 15 Oktober 2026
A66: ="Kepala "&Input01!$B$7 -> Kepala MA Salafiyah Bantarsari | F66: Guru Mata Pelajaran
A71: =Input01!$B$18 -> H. Achmad Chuzin, S.Pd. | F71: =Input01!$B$12 -> Abdul Mu'iz
A72: ="NIP "&Input01!$B$19 -> NIP - | F72: ="NIP "&Input01!$B$13 -> NIP -

Sheet Objektif02
A2: SEBARAN JAWABAN SOAL PILIHAN GANDA
A4: =Input01!A7 -> Satuan Pendidikan | D4: =": "&Input01!B7 -> : MA Salafiyah Bantarsari
A5: =Input01!A10 -> Nama Tes | D5: =": "&Input01!B10 -> : Asesmen Sumatif Tengah Semester (ASTS)
A6: =Input01!A8 -> Mata Pelajaran | D6: =": "&Input01!B8 -> : Informatika
A7: =Input01!A9 -> Kelas/Program | D7: =": "&Input01!B9 -> : Fase F XI 5
A8: =Input01!A16 -> Tanggal Tes | D8: =": "&Input01!B16 -> : 23 September 2026
A9: =Input01!A11 -> Pokok Bahasan/Sub | D9: =": "&Input01!B11 -> : Bab 1, 2
A10: No Butir | B10: Persentase Jawaban | H10: Jumlah
B11: A | C11: B | D11: C | E11: D | F11: E | G11: Lainnya
A12: -1 | B12: -2 | C12: -3 | D12: -4 | E12: -5 | F12: -6 | G12: -7 | H12: -8
A13: 1 | B13: =VLOOKUP(B$11,process02!$E$242:$BC$248,$A13+1) -> 0* | C13: =VLOOKUP(C$11,process02!$E$242:$BC$248,$A13+1) -> 50 | D13: =VLOOKUP(D$11,process02!$E$242:$BC$248,$A13+1) -> 0 | E13: =VLOOKUP(E$11,process02!$E$242:$BC$248,$A13+1) -> 50 | F13: =VLOOKUP(F$11,process02!$E$242:$BC$248,$A13+1) -> 0 | G13: =VLOOKUP(G$11,process02!$E$242:$BC$248,$A13+1) -> 0 | H13: =IF(B13<>"-",100,"-") -> 100
A14: =A13+1 -> 2 | B14: =VLOOKUP(B$11,process02!$E$242:$BC$248,$A14+1) -> 0 | C14: =VLOOKUP(C$11,process02!$E$242:$BC$248,$A14+1) -> 50 | D14: =VLOOKUP(D$11,process02!$E$242:$BC$248,$A14+1) -> 50 | E14: =VLOOKUP(E$11,process02!$E$242:$BC$248,$A14+1) -> 0* | F14: =VLOOKUP(F$11,process02!$E$242:$BC$248,$A14+1) -> 0 | G14: =VLOOKUP(G$11,process02!$E$242:$BC$248,$A14+1) -> 0 | H14: =IF(B14<>"-",100,"-") -> 100
A15: =A14+1 -> 3 | B15: =VLOOKUP(B$11,process02!$E$242:$BC$248,$A15+1) -> 0 | C15: =VLOOKUP(C$11,process02!$E$242:$BC$248,$A15+1) -> 0 | D15: =VLOOKUP(D$11,process02!$E$242:$BC$248,$A15+1) -> 100* | E15: =VLOOKUP(E$11,process02!$E$242:$BC$248,$A15+1) -> 0 | F15: =VLOOKUP(F$11,process02!$E$242:$BC$248,$A15+1) -> 0 | G15: =VLOOKUP(G$11,process02!$E$242:$BC$248,$A15+1) -> 0 | H15: =IF(B15<>"-",100,"-") -> 100
A16: =A15+1 -> 4 | B16: =VLOOKUP(B$11,process02!$E$242:$BC$248,$A16+1) -> 50 | C16: =VLOOKUP(C$11,process02!$E$242:$BC$248,$A16+1) -> 0 | D16: =VLOOKUP(D$11,process02!$E$242:$BC$248,$A16+1) -> 0 | E16: =VLOOKUP(E$11,process02!$E$242:$BC$248,$A16+1) -> 0 | F16: =VLOOKUP(F$11,process02!$E$242:$BC$248,$A16+1) -> 50* | G16: =VLOOKUP(G$11,process02!$E$242:$BC$248,$A16+1) -> 0 | H16: =IF(B16<>"-",100,"-") -> 100
A17: =A16+1 -> 5 | B17: =VLOOKUP(B$11,process02!$E$242:$BC$248,$A17+1) -> 0 | C17: =VLOOKUP(C$11,process02!$E$242:$BC$248,$A17+1) -> 50 | D17: =VLOOKUP(D$11,process02!$E$242:$BC$248,$A17+1) -> 50 | E17: =VLOOKUP(E$11,process02!$E$242:$BC$248,$A17+1) -> 0 | F17: =VLOOKUP(F$11,process02!$E$242:$BC$248,$A17+1) -> 0* | G17: =VLOOKUP(G$11,process02!$E$242:$BC$248,$A17+1) -> 0 | H17: =IF(B17<>"-",100,"-") -> 100
A18: =A17+1 -> 6 | B18: =VLOOKUP(B$11,process02!$E$242:$BC$248,$A18+1) -> 50 | C18: =VLOOKUP(C$11,process02!$E$242:$BC$248,$A18+1) -> 50 | D18: =VLOOKUP(D$11,process02!$E$242:$BC$248,$A18+1) -> 0* | E18: =VLOOKUP(E$11,process02!$E$242:$BC$248,$A18+1) -> 0 | F18: =VLOOKUP(F$11,process02!$E$242:$BC$248,$A18+1) -> 0 | G18: =VLOOKUP(G$11,process02!$E$242:$BC$248,$A18+1) -> 0 | H18: =IF(B18<>"-",100,"-") -> 100
A19: =A18+1 -> 7 | B19: =VLOOKUP(B$11,process02!$E$242:$BC$248,$A19+1) -> 0 | C19: =VLOOKUP(C$11,process02!$E$242:$BC$248,$A19+1) -> 50* | D19: =VLOOKUP(D$11,process02!$E$242:$BC$248,$A19+1) -> 0 | E19: =VLOOKUP(E$11,process02!$E$242:$BC$248,$A19+1) -> 50 | F19: =VLOOKUP(F$11,process02!$E$242:$BC$248,$A19+1) -> 0 | G19: =VLOOKUP(G$11,process02!$E$242:$BC$248,$A19+1) -> 0 | H19: =IF(B19<>"-",100,"-") -> 100
A20: =A19+1 -> 8 | B20: =VLOOKUP(B$11,process02!$E$242:$BC$248,$A20+1) -> 0 | C20: =VLOOKUP(C$11,process02!$E$242:$BC$248,$A20+1) -> 50 | D20: =VLOOKUP(D$11,process02!$E$242:$BC$248,$A20+1) -> 50 | E20: =VLOOKUP(E$11,process02!$E$242:$BC$248,$A20+1) -> 0* | F20: =VLOOKUP(F$11,process02!$E$242:$BC$248,$A20+1) -> 0 | G20: =VLOOKUP(G$11,process02!$E$242:$BC$248,$A20+1) -> 0 | H20: =IF(B20<>"-",100,"-") -> 100
A21: =A20+1 -> 9 | B21: =VLOOKUP(B$11,process02!$E$242:$BC$248,$A21+1) -> 0* | C21: =VLOOKUP(C$11,process02!$E$242:$BC$248,$A21+1) -> 50 | D21: =VLOOKUP(D$11,process02!$E$242:$BC$248,$A21+1) -> 50 | E21: =VLOOKUP(E$11,process02!$E$242:$BC$248,$A21+1) -> 0 | F21: =VLOOKUP(F$11,process02!$E$242:$BC$248,$A21+1) -> 0 | G21: =VLOOKUP(G$11,process02!$E$242:$BC$248,$A21+1) -> 0 | H21: =IF(B21<>"-",100,"-") -> 100
A22: =A21+1 -> 10 | B22: =VLOOKUP(B$11,process02!$E$242:$BC$248,$A22+1) -> 0 | C22: =VLOOKUP(C$11,process02!$E$242:$BC$248,$A22+1) -> 50 | D22: =VLOOKUP(D$11,process02!$E$242:$BC$248,$A22+1) -> 50* | E22: =VLOOKUP(E$11,process02!$E$242:$BC$248,$A22+1) -> 0 | F22: =VLOOKUP(F$11,process02!$E$242:$BC$248,$A22+1) -> 0 | G22: =VLOOKUP(G$11,process02!$E$242:$BC$248,$A22+1) -> 0 | H22: =IF(B22<>"-",100,"-") -> 100
A23: =A22+1 -> 11 | B23: =VLOOKUP(B$11,process02!$E$242:$BC$248,$A23+1) -> 50 | C23: =VLOOKUP(C$11,process02!$E$242:$BC$248,$A23+1) -> 0 | D23: =VLOOKUP(D$11,process02!$E$242:$BC$248,$A23+1) -> 50* | E23: =VLOOKUP(E$11,process02!$E$242:$BC$248,$A23+1) -> 0 | F23: =VLOOKUP(F$11,process02!$E$242:$BC$248,$A23+1) -> 0 | G23: =VLOOKUP(G$11,process02!$E$242:$BC$248,$A23+1) -> 0 | H23: =IF(B23<>"-",100,"-") -> 100
A24: =A23+1 -> 12 | B24: =VLOOKUP(B$11,process02!$E$242:$BC$248,$A24+1) -> 0 | C24: =VLOOKUP(C$11,process02!$E$242:$BC$248,$A24+1) -> 50 | D24: =VLOOKUP(D$11,process02!$E$242:$BC$248,$A24+1) -> 0 | E24: =VLOOKUP(E$11,process02!$E$242:$BC$248,$A24+1) -> 0* | F24: =VLOOKUP(F$11,process02!$E$242:$BC$248,$A24+1) -> 50 | G24: =VLOOKUP(G$11,process02!$E$242:$BC$248,$A24+1) -> 0 | H24: =IF(B24<>"-",100,"-") -> 100
A25: =A24+1 -> 13 | B25: =VLOOKUP(B$11,process02!$E$242:$BC$248,$A25+1) -> 0 | C25: =VLOOKUP(C$11,process02!$E$242:$BC$248,$A25+1) -> 50 | D25: =VLOOKUP(D$11,process02!$E$242:$BC$248,$A25+1) -> 50 | E25: =VLOOKUP(E$11,process02!$E$242:$BC$248,$A25+1) -> 0 | F25: =VLOOKUP(F$11,process02!$E$242:$BC$248,$A25+1) -> 0* | G25: =VLOOKUP(G$11,process02!$E$242:$BC$248,$A25+1) -> 0 | H25: =IF(B25<>"-",100,"-") -> 100
... A61: =A60+1 -> 49 | B61: =VLOOKUP(B$11,process02!$E$242:$BC$248,$A61+1) -> - | C61: =VLOOKUP(C$11,process02!$E$242:$BC$248,$A61+1) -> - | D61: =VLOOKUP(D$11,process02!$E$242:$BC$248,$A61+1) -> - | E61: =VLOOKUP(E$11,process02!$E$242:$BC$248,$A61+1) -> - | F61: =VLOOKUP(F$11,process02!$E$242:$BC$248,$A61+1) -> - | G61: =VLOOKUP(G$11,process02!$E$242:$BC$248,$A61+1) -> - | H61: =IF(B61<>"-",100,"-") -> -
A62: 50 | B62: =VLOOKUP(B$11,process02!$E$242:$BC$248,$A62+1) -> - | C62: =VLOOKUP(C$11,process02!$E$242:$BC$248,$A62+1) -> - | D62: =VLOOKUP(D$11,process02!$E$242:$BC$248,$A62+1) -> - | E62: =VLOOKUP(E$11,process02!$E$242:$BC$248,$A62+1) -> - | F62: =VLOOKUP(F$11,process02!$E$242:$BC$248,$A62+1) -> - | G62: =VLOOKUP(G$11,process02!$E$242:$BC$248,$A62+1) -> - | H62: =IF(B62<>"-",100,"-") -> -
A65: Mengetahui : | F65: =Input01!$B$20&", "&Input01!$B$21 -> Bantarsari, 15 Oktober 2026
A66: ="Kepala "&Input01!$B$7 -> Kepala MA Salafiyah Bantarsari | F66: Guru Mata Pelajaran
A71: =Input01!$B$18 -> H. Achmad Chuzin, S.Pd. | F71: =Input01!$B$12 -> Abdul Mu'iz
A72: ="NIP "&Input01!$B$19 -> NIP - | F72: ="NIP "&Input01!$B$13 -> NIP -

Sheet Isian
A2: HASIL ANALISIS SOAL ISIAN SINGKAT
A4: =Input01!A7 -> Satuan Pendidikan | D4: =": "&Input01!B7 -> : MA Salafiyah Bantarsari
A5: =Input01!A10 -> Nama Tes | D5: =": "&Input01!B10 -> : Asesmen Sumatif Tengah Semester (ASTS)
A6: =Input01!A8 -> Mata Pelajaran | D6: =": "&Input01!B8 -> : Informatika
A7: =Input01!A9 -> Kelas/Program | D7: =": "&Input01!B9 -> : Fase F XI 5
A8: =Input01!A16 -> Tanggal Tes | D8: =": "&Input01!B16 -> : 23 September 2026
A9: =Input01!A11 -> Pokok Bahasan/Sub | D9: =": "&Input01!B11 -> : Bab 1, 2
A10: No Butir | B10: Daya Beda | D10: Tingkat Kesukaran | F10: Kesimpulan Akhir
B11: Koefisien | C11: Keterangan | D11: Koefisien | E11: Keterangan
A12: -1 | B12: -2 | C12: -3 | D12: -4 | E12: -5 | F12: -6
A13: 1 | B13: =HLOOKUP($A13,process04!$F$214:$Y$228,9) -> 0 | C13: =HLOOKUP($A13,process04!$F$214:$Y$228,14) -> Tidak Baik | D13: =HLOOKUP($A13,process04!$F$214:$Y$228,8) -> 2 | E13: =HLOOKUP($A13,process04!$F$214:$Y$228,13) -> Mudah | F13: =HLOOKUP($A13,process04!$F$214:$Y$228,15) -> Tidak Baik
A14: =A13+1 -> 2 | B14: =HLOOKUP($A14,process04!$F$214:$Y$228,9) -> 0 | C14: =HLOOKUP($A14,process04!$F$214:$Y$228,14) -> Tidak Baik | D14: =HLOOKUP($A14,process04!$F$214:$Y$228,8) -> 2 | E14: =HLOOKUP($A14,process04!$F$214:$Y$228,13) -> Mudah | F14: =HLOOKUP($A14,process04!$F$214:$Y$228,15) -> Tidak Baik
A15: =A14+1 -> 3 | B15: =HLOOKUP($A15,process04!$F$214:$Y$228,9) -> 0 | C15: =HLOOKUP($A15,process04!$F$214:$Y$228,14) -> Tidak Baik | D15: =HLOOKUP($A15,process04!$F$214:$Y$228,8) -> 2 | E15: =HLOOKUP($A15,process04!$F$214:$Y$228,13) -> Mudah | F15: =HLOOKUP($A15,process04!$F$214:$Y$228,15) -> Tidak Baik
A16: =A15+1 -> 4 | B16: =HLOOKUP($A16,process04!$F$214:$Y$228,9) -> 0 | C16: =HLOOKUP($A16,process04!$F$214:$Y$228,14) -> Tidak Baik | D16: =HLOOKUP($A16,process04!$F$214:$Y$228,8) -> 2 | E16: =HLOOKUP($A16,process04!$F$214:$Y$228,13) -> Mudah | F16: =HLOOKUP($A16,process04!$F$214:$Y$228,15) -> Tidak Baik
A17: =A16+1 -> 5 | B17: =HLOOKUP($A17,process04!$F$214:$Y$228,9) -> 0 | C17: =HLOOKUP($A17,process04!$F$214:$Y$228,14) -> Tidak Baik | D17: =HLOOKUP($A17,process04!$F$214:$Y$228,8) -> 2 | E17: =HLOOKUP($A17,process04!$F$214:$Y$228,13) -> Mudah | F17: =HLOOKUP($A17,process04!$F$214:$Y$228,15) -> Tidak Baik
A18: =A17+1 -> 6 | B18: =HLOOKUP($A18,process04!$F$214:$Y$228,9) -> - | C18: =HLOOKUP($A18,process04!$F$214:$Y$228,14) -> - | D18: =HLOOKUP($A18,process04!$F$214:$Y$228,8) -> - | E18: =HLOOKUP($A18,process04!$F$214:$Y$228,13) -> - | F18: =HLOOKUP($A18,process04!$F$214:$Y$228,15) -> -
A19: =A18+1 -> 7 | B19: =HLOOKUP($A19,process04!$F$214:$Y$228,9) -> - | C19: =HLOOKUP($A19,process04!$F$214:$Y$228,14) -> - | D19: =HLOOKUP($A19,process04!$F$214:$Y$228,8) -> - | E19: =HLOOKUP($A19,process04!$F$214:$Y$228,13) -> - | F19: =HLOOKUP($A19,process04!$F$214:$Y$228,15) -> -
A20: =A19+1 -> 8 | B20: =HLOOKUP($A20,process04!$F$214:$Y$228,9) -> - | C20: =HLOOKUP($A20,process04!$F$214:$Y$228,14) -> - | D20: =HLOOKUP($A20,process04!$F$214:$Y$228,8) -> - | E20: =HLOOKUP($A20,process04!$F$214:$Y$228,13) -> - | F20: =HLOOKUP($A20,process04!$F$214:$Y$228,15) -> -
A21: =A20+1 -> 9 | B21: =HLOOKUP($A21,process04!$F$214:$Y$228,9) -> - | C21: =HLOOKUP($A21,process04!$F$214:$Y$228,14) -> - | D21: =HLOOKUP($A21,process04!$F$214:$Y$228,8) -> - | E21: =HLOOKUP($A21,process04!$F$214:$Y$228,13) -> - | F21: =HLOOKUP($A21,process04!$F$214:$Y$228,15) -> -
A22: =A21+1 -> 10 | B22: =HLOOKUP($A22,process04!$F$214:$Y$228,9) -> - | C22: =HLOOKUP($A22,process04!$F$214:$Y$228,14) -> - | D22: =HLOOKUP($A22,process04!$F$214:$Y$228,8) -> - | E22: =HLOOKUP($A22,process04!$F$214:$Y$228,13) -> - | F22: =HLOOKUP($A22,process04!$F$214:$Y$228,15) -> -
A23: =A22+1 -> 11 | B23: =HLOOKUP($A23,process04!$F$214:$Y$228,9) -> - | C23: =HLOOKUP($A23,process04!$F$214:$Y$228,14) -> - | D23: =HLOOKUP($A23,process04!$F$214:$Y$228,8) -> - | E23: =HLOOKUP($A23,process04!$F$214:$Y$228,13) -> - | F23: =HLOOKUP($A23,process04!$F$214:$Y$228,15) -> -
A24: =A23+1 -> 12 | B24: =HLOOKUP($A24,process04!$F$214:$Y$228,9) -> - | C24: =HLOOKUP($A24,process04!$F$214:$Y$228,14) -> - | D24: =HLOOKUP($A24,process04!$F$214:$Y$228,8) -> - | E24: =HLOOKUP($A24,process04!$F$214:$Y$228,13) -> - | F24: =HLOOKUP($A24,process04!$F$214:$Y$228,15) -> -
A25: =A24+1 -> 13 | B25: =HLOOKUP($A25,process04!$F$214:$Y$228,9) -> - | C25: =HLOOKUP($A25,process04!$F$214:$Y$228,14) -> - | D25: =HLOOKUP($A25,process04!$F$214:$Y$228,8) -> - | E25: =HLOOKUP($A25,process04!$F$214:$Y$228,13) -> - | F25: =HLOOKUP($A25,process04!$F$214:$Y$228,15) -> -
... A32: =A31+1 -> 20 | B32: =HLOOKUP($A32,process04!$F$214:$Y$228,9) -> - | C32: =HLOOKUP($A32,process04!$F$214:$Y$228,14) -> - | D32: =HLOOKUP($A32,process04!$F$214:$Y$228,8) -> - | E32: =HLOOKUP($A32,process04!$F$214:$Y$228,13) -> - | F32: =HLOOKUP($A32,process04!$F$214:$Y$228,15) -> -
A35: Mengetahui : | E35: =Input01!$B$20&", "&Input01!$B$21 -> Bantarsari, 15 Oktober 2026
A36: ="Kepala "&Input01!$B$7 -> Kepala MA Salafiyah Bantarsari | E36: Guru Mata Pelajaran
A41: =Input01!$B$18 -> H. Achmad Chuzin, S.Pd. | E41: =Input01!$B$12 -> Abdul Mu'iz
A42: ="NIP "&Input01!$B$19 -> NIP - | E42: ="NIP "&Input01!$B$13 -> NIP -

Sheet Essay
A2: HASIL ANALISIS SOAL ESSAY
A4: =Input01!A7 -> Satuan Pendidikan | D4: =": "&Input01!B7 -> : MA Salafiyah Bantarsari
A5: =Input01!A10 -> Nama Tes | D5: =": "&Input01!B10 -> : Asesmen Sumatif Tengah Semester (ASTS)
A6: =Input01!A8 -> Mata Pelajaran | D6: =": "&Input01!B8 -> : Informatika
A7: =Input01!A9 -> Kelas/Program | D7: =": "&Input01!B9 -> : Fase F XI 5
A8: =Input01!A16 -> Tanggal Tes | D8: =": "&Input01!B16 -> : 23 September 2026
A9: =Input01!A11 -> Pokok Bahasan/Sub | D9: =": "&Input01!B11 -> : Bab 1, 2
A10: No Butir | B10: Daya Beda | D10: Tingkat Kesukaran | F10: Kesimpulan Akhir
B11: Koefisien | C11: Keterangan | D11: Koefisien | E11: Keterangan
A12: -1 | B12: -2 | C12: -3 | D12: -4 | E12: -5 | F12: -6
A13: 1 | B13: =HLOOKUP($A13,process01!$F$214:$O$228,9) -> - | C13: =HLOOKUP($A13,process01!$F$214:$O$228,14) -> - | D13: =HLOOKUP($A13,process01!$F$214:$O$228,8) -> - | E13: =HLOOKUP($A13,process01!$F$214:$O$228,13) -> - | F13: =HLOOKUP($A13,process01!$F$214:$O$228,15) -> -
A14: =A13+1 -> 2 | B14: =HLOOKUP($A14,process01!$F$214:$O$228,9) -> - | C14: =HLOOKUP($A14,process01!$F$214:$O$228,14) -> - | D14: =HLOOKUP($A14,process01!$F$214:$O$228,8) -> - | E14: =HLOOKUP($A14,process01!$F$214:$O$228,13) -> - | F14: =HLOOKUP($A14,process01!$F$214:$O$228,15) -> -
A15: =A14+1 -> 3 | B15: =HLOOKUP($A15,process01!$F$214:$O$228,9) -> - | C15: =HLOOKUP($A15,process01!$F$214:$O$228,14) -> - | D15: =HLOOKUP($A15,process01!$F$214:$O$228,8) -> - | E15: =HLOOKUP($A15,process01!$F$214:$O$228,13) -> - | F15: =HLOOKUP($A15,process01!$F$214:$O$228,15) -> -
A16: =A15+1 -> 4 | B16: =HLOOKUP($A16,process01!$F$214:$O$228,9) -> - | C16: =HLOOKUP($A16,process01!$F$214:$O$228,14) -> - | D16: =HLOOKUP($A16,process01!$F$214:$O$228,8) -> - | E16: =HLOOKUP($A16,process01!$F$214:$O$228,13) -> - | F16: =HLOOKUP($A16,process01!$F$214:$O$228,15) -> -
A17: =A16+1 -> 5 | B17: =HLOOKUP($A17,process01!$F$214:$O$228,9) -> - | C17: =HLOOKUP($A17,process01!$F$214:$O$228,14) -> - | D17: =HLOOKUP($A17,process01!$F$214:$O$228,8) -> - | E17: =HLOOKUP($A17,process01!$F$214:$O$228,13) -> - | F17: =HLOOKUP($A17,process01!$F$214:$O$228,15) -> -
A18: =A17+1 -> 6 | B18: =HLOOKUP($A18,process01!$F$214:$O$228,9) -> - | C18: =HLOOKUP($A18,process01!$F$214:$O$228,14) -> - | D18: =HLOOKUP($A18,process01!$F$214:$O$228,8) -> - | E18: =HLOOKUP($A18,process01!$F$214:$O$228,13) -> - | F18: =HLOOKUP($A18,process01!$F$214:$O$228,15) -> -
A19: =A18+1 -> 7 | B19: =HLOOKUP($A19,process01!$F$214:$O$228,9) -> - | C19: =HLOOKUP($A19,process01!$F$214:$O$228,14) -> - | D19: =HLOOKUP($A19,process01!$F$214:$O$228,8) -> - | E19: =HLOOKUP($A19,process01!$F$214:$O$228,13) -> - | F19: =HLOOKUP($A19,process01!$F$214:$O$228,15) -> -
A20: =A19+1 -> 8 | B20: =HLOOKUP($A20,process01!$F$214:$O$228,9) -> - | C20: =HLOOKUP($A20,process01!$F$214:$O$228,14) -> - | D20: =HLOOKUP($A20,process01!$F$214:$O$228,8) -> - | E20: =HLOOKUP($A20,process01!$F$214:$O$228,13) -> - | F20: =HLOOKUP($A20,process01!$F$214:$O$228,15) -> -
A21: =A20+1 -> 9 | B21: =HLOOKUP($A21,process01!$F$214:$O$228,9) -> - | C21: =HLOOKUP($A21,process01!$F$214:$O$228,14) -> - | D21: =HLOOKUP($A21,process01!$F$214:$O$228,8) -> - | E21: =HLOOKUP($A21,process01!$F$214:$O$228,13) -> - | F21: =HLOOKUP($A21,process01!$F$214:$O$228,15) -> -
A22: =A21+1 -> 10 | B22: =HLOOKUP($A22,process01!$F$214:$O$228,9) -> - | C22: =HLOOKUP($A22,process01!$F$214:$O$228,14) -> - | D22: =HLOOKUP($A22,process01!$F$214:$O$228,8) -> - | E22: =HLOOKUP($A22,process01!$F$214:$O$228,13) -> - | F22: =HLOOKUP($A22,process01!$F$214:$O$228,15) -> -
A25: Mengetahui : | E25: =Input01!$B$20&", "&Input01!$B$21 -> Bantarsari, 15 Oktober 2026
A26: ="Kepala "&Input01!$B$7 -> Kepala MA Salafiyah Bantarsari | E26: Guru Mata Pelajaran
A31: =Input01!$B$18 -> H. Achmad Chuzin, S.Pd. | E31: =Input01!$B$12 -> Abdul Mu'iz
A32: ="NIP "&Input01!$B$19 -> NIP - | E32: ="NIP "&Input01!$B$13 -> NIP -

Sheet Remedial01
A2: MATERI REMEDIAL INDIVIDUAL DAN KLASIKAL
A4: =Input01!A7 -> Satuan Pendidikan | D4: =": "&Input01!B7 -> : MA Salafiyah Bantarsari
A5: =Input01!A10 -> Nama Tes | D5: =": "&Input01!B10 -> : Asesmen Sumatif Tengah Semester (ASTS)
A6: =Input01!A8 -> Mata Pelajaran | D6: =": "&Input01!B8 -> : Informatika
A7: =Input01!A9 -> Kelas/Program | D7: =": "&Input01!B9 -> : Fase F XI 5 | I7: KKM
A8: =Input01!A16 -> Tanggal Tes | D8: =": "&Input01!B16 -> : 23 September 2026 | I8: =Input01!B23 -> 67
A9: =Input01!A11 -> Pokok Bahasan/Sub | D9: =": "&Input01!B11 -> : Bab 1, 2
A10: No | B10: NAMA PESERTA | C10: L/P | D10: MATERI REMIDIAL
A11: -1 | B11: -2 | C11: -3 | D11: -4
A12: 1 | B12: =IF(Input02!B6="","",Input02!B6) -> ACHMAD FADILATUL KHANAN | C12: =IF(Input02!C6="","",Input02!C6) -> L | D12: =IF(Peserta!K13="","",IF(Peserta!K13="Belum Tuntas",process03!BA17&process04!BX8&process01!AW8,"Tidak Ada")) -> Tidak Ada
A13: =A12+1 -> 2 | B13: =IF(Input02!B7="","",Input02!B7) -> AFRISA KHOERUNNISA | C13: =IF(Input02!C7="","",Input02!C7) -> P | D13: =IF(Peserta!K14="","",IF(Peserta!K14="Belum Tuntas",process03!BA18&process04!BX9&process01!AW9,"Tidak Ada")) -> Tidak Ada
A14: =A13+1 -> 3 | B14: =IF(Input02!B8="","",Input02!B8) -> AHMAD SYAHRIAN RAMADAN | C14: =IF(Input02!C8="","",Input02!C8) -> L | D14: =IF(Peserta!K15="","",IF(Peserta!K15="Belum Tuntas",process03!BA19&process04!BX10&process01!AW10,"Tidak Ada"))
A15: =A14+1 -> 4 | B15: =IF(Input02!B9="","",Input02!B9) -> AHMAD ULUN NUHA | C15: =IF(Input02!C9="","",Input02!C9) -> L | D15: =IF(Peserta!K16="","",IF(Peserta!K16="Belum Tuntas",process03!BA20&process04!BX11&process01!AW11,"Tidak Ada"))
A16: =A15+1 -> 5 | B16: =IF(Input02!B10="","",Input02!B10) -> AHSINUL MUTHORIQ | C16: =IF(Input02!C10="","",Input02!C10) -> L | D16: =IF(Peserta!K17="","",IF(Peserta!K17="Belum Tuntas",process03!BA21&process04!BX12&process01!AW12,"Tidak Ada"))
A17: =A16+1 -> 6 | B17: =IF(Input02!B11="","",Input02!B11) -> ALFIN ARDIANSYAH NAWAWI | C17: =IF(Input02!C11="","",Input02!C11) -> L | D17: =IF(Peserta!K18="","",IF(Peserta!K18="Belum Tuntas",process03!BA22&process04!BX13&process01!AW13,"Tidak Ada"))
A18: =A17+1 -> 7 | B18: =IF(Input02!B12="","",Input02!B12) -> ALIF KHISBULLOH | C18: =IF(Input02!C12="","",Input02!C12) -> L | D18: =IF(Peserta!K19="","",IF(Peserta!K19="Belum Tuntas",process03!BA23&process04!BX14&process01!AW14,"Tidak Ada"))
A19: =A18+1 -> 8 | B19: =IF(Input02!B13="","",Input02!B13) -> AMELLIA AZZAH | C19: =IF(Input02!C13="","",Input02!C13) -> P | D19: =IF(Peserta!K20="","",IF(Peserta!K20="Belum Tuntas",process03!BA24&process04!BX15&process01!AW15,"Tidak Ada"))
A20: =A19+1 -> 9 | B20: =IF(Input02!B14="","",Input02!B14) -> ESTI ZAINAB SA'ADAH | C20: =IF(Input02!C14="","",Input02!C14) -> P | D20: =IF(Peserta!K21="","",IF(Peserta!K21="Belum Tuntas",process03!BA25&process04!BX16&process01!AW16,"Tidak Ada"))
A21: =A20+1 -> 10 | B21: =IF(Input02!B15="","",Input02!B15) -> FILZA MAWADATUN NISA | C21: =IF(Input02!C15="","",Input02!C15) -> P | D21: =IF(Peserta!K22="","",IF(Peserta!K22="Belum Tuntas",process03!BA26&process04!BX17&process01!AW17,"Tidak Ada"))
A22: =A21+1 -> 11 | B22: =IF(Input02!B16="","",Input02!B16) -> HERLINA TASKIA NUFUS | C22: =IF(Input02!C16="","",Input02!C16) -> P | D22: =IF(Peserta!K23="","",IF(Peserta!K23="Belum Tuntas",process03!BA27&process04!BX18&process01!AW18,"Tidak Ada"))
A23: =A22+1 -> 12 | B23: =IF(Input02!B17="","",Input02!B17) -> IRFANGI MAULANA AJRI | C23: =IF(Input02!C17="","",Input02!C17) -> L | D23: =IF(Peserta!K24="","",IF(Peserta!K24="Belum Tuntas",process03!BA28&process04!BX19&process01!AW19,"Tidak Ada"))
A24: =A23+1 -> 13 | B24: =IF(Input02!B18="","",Input02!B18) -> IRMA SURYANINGSIH | C24: =IF(Input02!C18="","",Input02!C18) -> P | D24: =IF(Peserta!K25="","",IF(Peserta!K25="Belum Tuntas",process03!BA29&process04!BX20&process01!AW20,"Tidak Ada"))
... A60: =A59+1 -> 49 | B60: =IF(Input02!B54="","",Input02!B54) | C60: =IF(Input02!C54="","",Input02!C54) | D60: =IF(Peserta!K61="","",IF(Peserta!K61="Belum Tuntas",process03!BA65&process04!BX56&process01!AW56,"Tidak Ada"))
A61: =A60+1 -> 50 | B61: =IF(Input02!B55="","",Input02!B55) | C61: =IF(Input02!C55="","",Input02!C55) | D61: =IF(Peserta!K62="","",IF(Peserta!K62="Belum Tuntas",process03!BA216&process04!BX57&process01!AW57,"Tidak Ada"))
A62: =A61+1 -> 51 | B62: =IF(Input02!B56="","",Input02!B56) | C62: =IF(Input02!C56="","",Input02!C56) | D62: =IF(Peserta!K63="","",IF(Peserta!K63="Belum Tuntas",process03!BA217&process04!BX58&process01!AW58,"Tidak Ada"))
A63: =A62+1 -> 52 | B63: =IF(Input02!B57="","",Input02!B57) | C63: =IF(Input02!C57="","",Input02!C57) | D63: =IF(Peserta!K64="","",IF(Peserta!K64="Belum Tuntas",process03!BA218&process04!BX59&process01!AW59,"Tidak Ada"))
A64: =A63+1 -> 53 | B64: =IF(Input02!B58="","",Input02!B58) | C64: =IF(Input02!C58="","",Input02!C58) | D64: =IF(Peserta!K65="","",IF(Peserta!K65="Belum Tuntas",process03!BA219&process04!BX60&process01!AW60,"Tidak Ada"))
A65: =A64+1 -> 54 | B65: =IF(Input02!B59="","",Input02!B59) | C65: =IF(Input02!C59="","",Input02!C59) | D65: =IF(Peserta!K66="","",IF(Peserta!K66="Belum Tuntas",process03!BA220&process04!BX61&process01!AW61,"Tidak Ada"))
A66: =A65+1 -> 55 | B66: =IF(Input02!B60="","",Input02!B60) | C66: =IF(Input02!C60="","",Input02!C60) | D66: =IF(Peserta!K67="","",IF(Peserta!K67="Belum Tuntas",process03!BA221&process04!BX62&process01!AW62,"Tidak Ada"))
A67: =A66+1 -> 56 | B67: =IF(Input02!B61="","",Input02!B61) | C67: =IF(Input02!C61="","",Input02!C61) | D67: =IF(Peserta!K68="","",IF(Peserta!K68="Belum Tuntas",process03!BA222&process04!BX63&process01!AW63,"Tidak Ada"))
A68: =A67+1 -> 57 | B68: =IF(Input02!B62="","",Input02!B62) | C68: =IF(Input02!C62="","",Input02!C62) | D68: =IF(Peserta!K69="","",IF(Peserta!K69="Belum Tuntas",process03!BA223&process04!BX64&process01!AW64,"Tidak Ada"))
A69: =A68+1 -> 58 | B69: =IF(Input02!B63="","",Input02!B63) | C69: =IF(Input02!C63="","",Input02!C63) | D69: =IF(Peserta!K70="","",IF(Peserta!K70="Belum Tuntas",process03!BA224&process04!BX65&process01!AW65,"Tidak Ada"))
A70: =A69+1 -> 59 | B70: =IF(Input02!B64="","",Input02!B64) | C70: =IF(Input02!C64="","",Input02!C64) | D70: =IF(Peserta!K71="","",IF(Peserta!K71="Belum Tuntas",process03!BA225&process04!BX66&process01!AW66,"Tidak Ada"))
A71: =A70+1 -> 60 | B71: =IF(Input02!B65="","",Input02!B65) | C71: =IF(Input02!C65="","",Input02!C65) | D71: =IF(Peserta!K72="","",IF(Peserta!K72="Belum Tuntas",process03!BA226&process04!BX67&process01!AW67,"Tidak Ada"))
A72: =A71+1 -> 61 | B72: =IF(Input02!B66="","",Input02!B66) | C72: =IF(Input02!C66="","",Input02!C66) | D72: =IF(Peserta!K73="","",IF(Peserta!K73="Belum Tuntas",process03!BA227&process04!BX68&process01!AW68,"Tidak Ada"))
... A211: =A210+1 -> 200 | B211: =IF(Input02!B205="","",Input02!B205) | C211: =IF(Input02!C205="","",Input02!C205) | D211: =IF(Peserta!K212="","",IF(Peserta!K212="Belum Tuntas",process03!BA366&process04!BX207&process01!AW207,"Tidak Ada"))
B212: Klasikal | D212: =IF(process03!BA217&process04!$BX$209&process01!AW209="","Tidak Ada",process03!BA217&process04!$BX$209&process01!AW209) -> 1; 2; 5; 6; 8; 9; 12; 13; 14; 15; 16; 17; 18; 21; 22; 23; 24; 26; 27; 28; 29; 30; 31; 32; 33; 34; 35; 36; 37; 38; 39; 40; 41; 42; 43; 44; 45; 46; 47; 48; 49; 50;
A214: Mengetahui : | D214: =Input01!$B$20&", "&Input01!$B$21 -> Bantarsari, 15 Oktober 2026
A215: ="Kepala "&Input01!$B$7 -> Kepala MA Salafiyah Bantarsari | D215: Guru Mata Pelajaran
A220: =Input01!$B$18 -> H. Achmad Chuzin, S.Pd. | D220: =Input01!$B$12 -> Abdul Mu'iz
A221: ="NIP "&Input01!$B$19 -> NIP - | D221: ="NIP "&Input01!$B$13 -> NIP -

Sheet Remedial02
A2: PENGELOMPOKAN PESERTA REMEDIAL
A4: =Input01!A7 -> Satuan Pendidikan | D4: =": "&Input01!B7 -> : MA Salafiyah Bantarsari
A5: =Input01!A10 -> Nama Tes | D5: =": "&Input01!B10 -> : Asesmen Sumatif Tengah Semester (ASTS)
A6: =Input01!A8 -> Mata Pelajaran | D6: =": "&Input01!B8 -> : Informatika
A7: =Input01!A9 -> Kelas/Program | D7: =": "&Input01!B9 -> : Fase F XI 5 | N7: KKM
A8: =Input01!A16 -> Tanggal Tes | D8: =": "&Input01!B16 -> : 23 September 2026 | N8: =Input01!B23 -> 67
A9: =Input01!A11 -> Pokok Bahasan/Sub | D9: =": "&Input01!B11 -> : Bab 1, 2
A10: No | B10: Kompetensi Dasar | D10: Peserta Remidial | E10: Hari | F10: Tgl | G10: Jam | H10: Tempat
A11: -1 | B11: -2 | D11: -3 | E11: -4 | F11: -5 | G11: -6 | H11: -7
B12: Soal Objektif
A13: 1 | B13: =IF(Input01!B39="","",Input01!B39) -> 1 | D13: =HLOOKUP(A13,process03!$BC$219:$CZ$221,3) -> Tidak Ada
A14: =A13+1 -> 2 | B14: =IF(Input01!B40="","",Input01!B40) -> 2 | D14: =HLOOKUP(A14,process03!$BC$219:$CZ$221,3) -> Tidak Ada
A15: =A14+1 -> 3 | B15: =IF(Input01!B41="","",Input01!B41) -> 3 | D15: =HLOOKUP(A15,process03!$BC$219:$CZ$221,3) -> Tidak Ada
A16: =A15+1 -> 4 | B16: =IF(Input01!B42="","",Input01!B42) -> 4 | D16: =HLOOKUP(A16,process03!$BC$219:$CZ$221,3) -> Tidak Ada
A17: =A16+1 -> 5 | B17: =IF(Input01!B43="","",Input01!B43) -> 5 | D17: =HLOOKUP(A17,process03!$BC$219:$CZ$221,3) -> Tidak Ada
A18: =A17+1 -> 6 | B18: =IF(Input01!B44="","",Input01!B44) -> 6 | D18: =HLOOKUP(A18,process03!$BC$219:$CZ$221,3) -> Tidak Ada
A19: =A18+1 -> 7 | B19: =IF(Input01!B45="","",Input01!B45) -> 7 | D19: =HLOOKUP(A19,process03!$BC$219:$CZ$221,3) -> Tidak Ada
A20: =A19+1 -> 8 | B20: =IF(Input01!B46="","",Input01!B46) -> 8 | D20: =HLOOKUP(A20,process03!$BC$219:$CZ$221,3) -> Tidak Ada
A21: =A20+1 -> 9 | B21: =IF(Input01!B47="","",Input01!B47) -> 9 | D21: =HLOOKUP(A21,process03!$BC$219:$CZ$221,3) -> Tidak Ada
A22: =A21+1 -> 10 | B22: =IF(Input01!B48="","",Input01!B48) -> 10 | D22: =HLOOKUP(A22,process03!$BC$219:$CZ$221,3) -> Tidak Ada
A23: =A22+1 -> 11 | B23: =IF(Input01!B49="","",Input01!B49) -> 11 | D23: =HLOOKUP(A23,process03!$BC$219:$CZ$221,3) -> Tidak Ada
A24: =A23+1 -> 12 | B24: =IF(Input01!B50="","",Input01!B50) -> 12 | D24: =HLOOKUP(A24,process03!$BC$219:$CZ$221,3) -> Tidak Ada
A25: =A24+1 -> 13 | B25: =IF(Input01!B51="","",Input01!B51) -> 13 | D25: =HLOOKUP(A25,process03!$BC$219:$CZ$221,3) -> Tidak Ada
... A61: =A60+1 -> 49 | B61: =IF(Input01!B87="","",Input01!B87) -> 49 | D61: =HLOOKUP(A61,process03!$BC$219:$CZ$221,3) -> Tidak Ada
A62: 50 | B62: =IF(Input01!B88="","",Input01!B88) -> 50 | D62: =HLOOKUP(A62,process03!$BC$219:$CZ$221,3) -> Tidak Ada
B63: Soal Isian Singkat
A64: 1 | B64: =IF(Input01!B90="","",Input01!B90) | D64: =HLOOKUP(A64,process04!$BZ$210:$CS$212,3) -> Tidak Ada
A65: =A64+1 -> 2 | B65: =IF(Input01!B91="","",Input01!B91) | D65: =HLOOKUP(A65,process04!$BZ$210:$CS$212,3) -> Tidak Ada
A66: =A65+1 -> 3 | B66: =IF(Input01!B92="","",Input01!B92) | D66: =HLOOKUP(A66,process04!$BZ$210:$CS$212,3) -> Tidak Ada
A67: =A66+1 -> 4 | B67: =IF(Input01!B93="","",Input01!B93) | D67: =HLOOKUP(A67,process04!$BZ$210:$CS$212,3) -> Tidak Ada
A68: =A67+1 -> 5 | B68: =IF(Input01!B94="","",Input01!B94) | D68: =HLOOKUP(A68,process04!$BZ$210:$CS$212,3) -> Tidak Ada
A69: =A68+1 -> 6 | B69: =IF(Input01!B95="","",Input01!B95) | D69: =HLOOKUP(A69,process04!$BZ$210:$CS$212,3)
A70: =A69+1 -> 7 | B70: =IF(Input01!B96="","",Input01!B96) | D70: =HLOOKUP(A70,process04!$BZ$210:$CS$212,3)
A71: =A70+1 -> 8 | B71: =IF(Input01!B97="","",Input01!B97) | D71: =HLOOKUP(A71,process04!$BZ$210:$CS$212,3)
A72: =A71+1 -> 9 | B72: =IF(Input01!B98="","",Input01!B98) | D72: =HLOOKUP(A72,process04!$BZ$210:$CS$212,3)
A73: =A72+1 -> 10 | B73: =IF(Input01!B99="","",Input01!B99) | D73: =HLOOKUP(A73,process04!$BZ$210:$CS$212,3)
A74: =A73+1 -> 11 | B74: =IF(Input01!B100="","",Input01!B100) | D74: =HLOOKUP(A74,process04!$BZ$210:$CS$212,3)
A75: =A74+1 -> 12 | B75: =IF(Input01!B101="","",Input01!B101) | D75: =HLOOKUP(A75,process04!$BZ$210:$CS$212,3)
A76: =A75+1 -> 13 | B76: =IF(Input01!B102="","",Input01!B102) | D76: =HLOOKUP(A76,process04!$BZ$210:$CS$212,3)
... A83: =A82+1 -> 20 | B83: =IF(Input01!B109="","",Input01!B109) | D83: =HLOOKUP(A83,process04!$BZ$210:$CS$212,3)
B84: Soal Essay
A85: 1 | B85: =IF(Input01!B122="","",Input01!B122) | D85: =HLOOKUP(A85,process01!$AY$210:$BH$212,3)
A86: 2 | B86: =IF(Input01!B123="","",Input01!B123) | D86: =HLOOKUP(A86,process01!$AY$210:$BH$212,3)
A87: 3 | B87: =IF(Input01!B124="","",Input01!B124) | D87: =HLOOKUP(A87,process01!$AY$210:$BH$212,3)
A88: 4 | B88: =IF(Input01!B125="","",Input01!B125) | D88: =HLOOKUP(A88,process01!$AY$210:$BH$212,3)
A89: 5 | B89: =IF(Input01!B126="","",Input01!B126) | D89: =HLOOKUP(A89,process01!$AY$210:$BH$212,3)
A90: 6 | B90: =IF(Input01!B127="","",Input01!B127) | D90: =HLOOKUP(A90,process01!$AY$210:$BH$212,3)
A91: 7 | B91: =IF(Input01!B128="","",Input01!B128) | D91: =HLOOKUP(A91,process01!$AY$210:$BH$212,3)
A92: 8 | B92: =IF(Input01!B129="","",Input01!B129) | D92: =HLOOKUP(A92,process01!$AY$210:$BH$212,3)
A93: 9 | B93: =IF(Input01!B130="","",Input01!B130) | D93: =HLOOKUP(A93,process01!$AY$210:$BH$212,3)
A94: 10 | B94: =IF(Input01!B131="","",Input01!B131) | D94: =HLOOKUP(A94,process01!$AY$210:$BH$212,3)
A97: Mengetahui : | E97: =Input01!$B$20&", "&Input01!$B$21 -> Bantarsari, 15 Oktober 2026
A98: ="Kepala "&Input01!$B$7 -> Kepala MA Salafiyah Bantarsari | E98: Guru Mata Pelajaran
A103: =Input01!$B$18 -> H. Achmad Chuzin, S.Pd. | E103: =Input01!$B$12 -> Abdul Mu'iz
A104: ="NIP "&Input01!$B$19 -> NIP - | E104: ="NIP "&Input01!$B$13 -> NIP -

Sheet Grafik01
AM2: Kategori | AN2: Daya butir soal objektif | AO2: F
AM3: Baik | AN3: =100*AO3/$AO$6 -> 14.285714 | AO3: =COUNTIF(Objektif01!$C$13:$C$62,AM3) -> 5
AM4: Cukup baik | AN4: =100*AO4/$AO$6 -> 0 | AO4: =COUNTIF(Objektif01!$C$13:$C$62,AM4) -> 0
AM5: Tidak baik | AN5: =100*AO5/$AO$6 -> 85.714286 | AO5: =COUNTIF(Objektif01!$C$13:$C$62,AM5) -> 30
AN6: =SUM(AN3:AN5) -> 100 | AO6: =SUM(AO3:AO5) -> 35
AM8: Kategori | AN8: Daya butir soal isian | AO8: F
AM9: Baik | AN9: =100*AO9/$AO$12 -> 0 | AO9: =COUNTIF(Isian!$C$13:$C$32,AM9) -> 0
AM10: Cukup baik | AN10: =100*AO10/$AO$12 -> 0 | AO10: =COUNTIF(Isian!$C$13:$C$32,AM10) -> 0
AM11: Tidak baik | AN11: =100*AO11/$AO$12 -> 100 | AO11: =COUNTIF(Isian!$C$13:$C$32,AM11) -> 5
AN12: =SUM(AN9:AN11) -> 100 | AO12: =SUM(AO9:AO11) -> 5
AM14: Kategori | AN14: Daya butir soal essay | AO14: F
AM15: Baik | AN15: =100*AO15/$AO$18 -> #DIV/0! | AO15: =COUNTIF(Essay!$C$13:$C$22,AM15) -> 0
AM16: Cukup baik | AN16: =100*AO16/$AO$18 -> #DIV/0! | AO16: =COUNTIF(Essay!$C$13:$C$22,AM16) -> 0
AM17: Tidak baik | AN17: =100*AO17/$AO$18 -> #DIV/0! | AO17: =COUNTIF(Essay!$C$13:$C$22,AM17) -> 0
AN18: =SUM(AN15:AN17) -> #DIV/0! | AO18: =SUM(AO15:AO17) -> 0
AM20: Kategori | AN20: Daya butir soal | AO20: F
AM21: Baik | AN21: =100*AO21/$AO$24 -> 12.5 | AO21: =AO3+AO9+AO15 -> 5
AM22: Cukup baik | AN22: =100*AO22/$AO$24 -> 0 | AO22: =AO4+AO10+AO16 -> 0
AM23: Tidak baik | AN23: =100*AO23/$AO$24 -> 87.5 | AO23: =AO5+AO11+AO17 -> 35
AN24: =SUM(AN21:AN23) -> 100 | AO24: =SUM(AO21:AO23) -> 40
AM27: Kategori | AN27: Tingkat kesukaran soal objektif | AO27: F
AM28: Mudah | AN28: =100*AO28/$AO$31 -> 5.7142857 | AO28: =COUNTIF(Objektif01!$E$13:$E$62,AM28) -> 2
AM29: Sedang | AN29: =100*AO29/$AO$31 -> 17.142857 | AO29: =COUNTIF(Objektif01!$E$13:$E$62,AM29) -> 6
AM30: Sulit | AN30: =100*AO30/$AO$31 -> 77.142857 | AO30: =COUNTIF(Objektif01!$E$13:$E$62,AM30) -> 27
AN31: =SUM(AN28:AN30) -> 100 | AO31: =SUM(AO28:AO30) -> 35
AM33: Kategori | AN33: Tingkat kesukaran soal isian | AO33: F
AM34: Mudah | AN34: =100*AO34/$AO$37 -> 100 | AO34: =COUNTIF(Isian!$E$13:$E$32,AM34) -> 5
AM35: Sedang | AN35: =100*AO35/$AO$37 -> 0 | AO35: =COUNTIF(Isian!$E$13:$E$32,AM35) -> 0
AM36: Sulit | AN36: =100*AO36/$AO$37 -> 0 | AO36: =COUNTIF(Isian!$E$13:$E$32,AM36) -> 0
AN37: =SUM(AN34:AN36) -> 100 | AO37: =SUM(AO34:AO36) -> 5
AM39: Kategori | AN39: Tingkat kesukaran soal essay | AO39: F
AM40: Mudah | AN40: =100*AO40/$AO$43 -> #DIV/0! | AO40: =COUNTIF(Essay!$E$13:$E$22,AM40) -> 0
AM41: Sedang | AN41: =100*AO41/$AO$43 -> #DIV/0! | AO41: =COUNTIF(Essay!$E$13:$E$22,AM41) -> 0
AM42: Sulit | AN42: =100*AO42/$AO$43 -> #DIV/0! | AO42: =COUNTIF(Essay!$E$13:$E$22,AM42) -> 0
AN43: =SUM(AN40:AN42) -> #DIV/0! | AO43: =SUM(AO40:AO42) -> 0
AM45: Kategori | AN45: Tingkat kesukaran soal | AO45: F
AM46: Mudah | AN46: =100*AO46/$AO$49 -> 17.5 | AO46: =AO28+AO34+AO40 -> 7
AM47: Sedang | AN47: =100*AO47/$AO$49 -> 15 | AO47: =AO29+AO35+AO41 -> 6
AM48: Sulit | AN48: =100*AO48/$AO$49 -> 67.5 | AO48: =AO30+AO36+AO42 -> 27
AN49: =SUM(AN46:AN48) -> 100 | AO49: =SUM(AO46:AO48) -> 40
AM52: Kategori | AN52: Kualitas Soal objektif | AO52: F
AM53: Baik | AN53: =100*AO53/$AO$57 -> 0 | AO53: =COUNTIF(Objektif01!$G$13:$G$62,AM53) -> 0
AM54: Cukup baik | AN54: =100*AO54/$AO$57 -> 0 | AO54: =COUNTIF(Objektif01!$G$13:$G$62,AM54) -> 0
AM55: Revisi pengecoh | AN55: =100*AO55/$AO$57 -> 14.285714 | AO55: =COUNTIF(Objektif01!$G$13:$G$62,AM55) -> 5
AM56: Tidak baik | AN56: =100*AO56/$AO$57 -> 85.714286 | AO56: =COUNTIF(Objektif01!$G$13:$G$62,AM56) -> 30
AN57: =SUM(AN53:AN56) -> 100 | AO57: =SUM(AO53:AO56) -> 35
AM59: Kategori | AN59: Kualitas Soal objektif | AO59: F
AM60: Baik | AN60: =100*AO60/$AO$63 -> 0 | AO60: =AO53 -> 0
AM61: Cukup baik | AN61: =100*AO61/$AO$63 -> 14.285714 | AO61: =AO54+AO55 -> 5
AM62: Tidak baik | AN62: =100*AO62/$AO$63 -> 85.714286 | AO62: =AO56 -> 30
AN63: =SUM(AN60:AN62) -> 100 | AO63: =SUM(AO60:AO62) -> 35
AM65: Kategori | AN65: Kualitas Soal Isian | AO65: F
AM66: Baik | AN66: =100*AO66/$AO$69 -> 0 | AO66: =COUNTIF(Isian!$F$13:$F$32,AM66) -> 0
AM67: Cukup baik | AN67: =100*AO67/$AO$69 -> 0 | AO67: =COUNTIF(Isian!$F$13:$F$32,AM67) -> 0
AM68: Tidak baik | AN68: =100*AO68/$AO$69 -> 100 | AO68: =COUNTIF(Isian!$F$13:$F$32,AM68) -> 5
AN69: =SUM(AN66:AN68) -> 100 | AO69: =SUM(AO66:AO68) -> 5
AM71: Kategori | AN71: Kualitas Soal Essay | AO71: F
AM72: Baik | AN72: =100*AO72/$AO$75 -> #DIV/0! | AO72: =COUNTIF(Essay!$F$13:$F$22,AM72) -> 0
AM73: Cukup baik | AN73: =100*AO73/$AO$75 -> #DIV/0! | AO73: =COUNTIF(Essay!$F$13:$F$22,AM73) -> 0
AM74: Tidak baik | AN74: =100*AO74/$AO$75 -> #DIV/0! | AO74: =COUNTIF(Essay!$F$13:$F$22,AM74) -> 0
AN75: =SUM(AN72:AN74) -> #DIV/0! | AO75: =SUM(AO72:AO74) -> 0
AM77: Kategori | AN77: Kualitas Soal | AO77: F
AM78: Baik | AN78: =100*AO78/$AO$81 -> 0 | AO78: =AO60+AO72+AO66 -> 0
AM79: Cukup baik | AN79: =100*AO79/$AO$81 -> 12.5 | AO79: =AO61+AO73+AO67 -> 5
AM80: Tidak baik | AN80: =100*AO80/$AO$81 -> 87.5 | AO80: =AO62+AO74+AO68 -> 35
AN81: =SUM(AN78:AN80) -> 100 | AO81: =SUM(AO78:AO80) -> 40

Sheet Grafik02
AL1: Nama | AM1: Nilai | AN1: KKM
AK2: 1 | AL2: =Peserta!B13 -> ACHMAD FADILATUL KHANAN | AM2: =IF(AL2<>"",Peserta!I13,0) -> 208.57143 | AN2: =Peserta!$K$8 -> 67
AK3: 2 | AL3: =Peserta!B14 -> AFRISA KHOERUNNISA | AM3: =IF(AL3<>"",Peserta!I14,0) -> 220 | AN3: =Peserta!$K$8 -> 67
AK4: 3 | AL4: =Peserta!B15 -> AHMAD SYAHRIAN RAMADAN | AM4: =IF(AL4<>"",Peserta!I15,0) | AN4: =Peserta!$K$8 -> 67
AK5: 4 | AL5: =Peserta!B16 -> AHMAD ULUN NUHA | AM5: =IF(AL5<>"",Peserta!I16,0) | AN5: =Peserta!$K$8 -> 67
AK6: 5 | AL6: =Peserta!B17 -> AHSINUL MUTHORIQ | AM6: =IF(AL6<>"",Peserta!I17,0) | AN6: =Peserta!$K$8 -> 67
AK7: 6 | AL7: =Peserta!B18 -> ALFIN ARDIANSYAH NAWAWI | AM7: =IF(AL7<>"",Peserta!I18,0) | AN7: =Peserta!$K$8 -> 67
AK8: 7 | AL8: =Peserta!B19 -> ALIF KHISBULLOH | AM8: =IF(AL8<>"",Peserta!I19,0) | AN8: =Peserta!$K$8 -> 67
AK9: 8 | AL9: =Peserta!B20 -> AMELLIA AZZAH | AM9: =IF(AL9<>"",Peserta!I20,0) | AN9: =Peserta!$K$8 -> 67
AK10: 9 | AL10: =Peserta!B21 -> ESTI ZAINAB SA'ADAH | AM10: =IF(AL10<>"",Peserta!I21,0) | AN10: =Peserta!$K$8 -> 67
AK11: 10 | AL11: =Peserta!B22 -> FILZA MAWADATUN NISA | AM11: =IF(AL11<>"",Peserta!I22,0) | AN11: =Peserta!$K$8 -> 67
AK12: 11 | AL12: =Peserta!B23 -> HERLINA TASKIA NUFUS | AM12: =IF(AL12<>"",Peserta!I23,0) | AN12: =Peserta!$K$8 -> 67
AK13: 12 | AL13: =Peserta!B24 -> IRFANGI MAULANA AJRI | AM13: =IF(AL13<>"",Peserta!I24,0) | AN13: =Peserta!$K$8 -> 67
... AK50: 49 | AL50: =Peserta!B61 | AM50: =IF(AL50<>"",Peserta!I61,0) -> 0 | AN50: =Peserta!$K$8 -> 67
AK51: 50 | AL51: =Peserta!B212 | AM51: =IF(AL51<>"",Peserta!I212,0) -> 0 | AN51: =Peserta!$K$8 -> 67
AM55: Tuntas | AN55: =Peserta!C215 -> 2
AM56: Belum tuntas | AN56: =Peserta!C216 -> 0
AL58: Predikat | AM58: F | AN58: Predikat Hasil Belajar
AL59: A | AM59: =COUNTIF(Peserta!$J$13:$J$212,AL59) -> 2 | AN59: =AM59/$AM$69 -> 1
AL60: A- | AM60: =COUNTIF(Peserta!$J$13:$J$212,AL60) -> 0 | AN60: =AM60/$AM$69 -> 0
AL61: B+ | AM61: =COUNTIF(Peserta!$J$13:$J$212,AL61) -> 0 | AN61: =AM61/$AM$69 -> 0
AL62: B | AM62: =COUNTIF(Peserta!$J$13:$J$212,AL62) -> 0 | AN62: =AM62/$AM$69 -> 0
AL63: B- | AM63: =COUNTIF(Peserta!$J$13:$J$212,AL63) -> 0 | AN63: =AM63/$AM$69 -> 0
AL64: C+ | AM64: =COUNTIF(Peserta!$J$13:$J$212,AL64) -> 0 | AN64: =AM64/$AM$69 -> 0
AL65: C | AM65: =COUNTIF(Peserta!$J$13:$J$212,AL65) -> 0 | AN65: =AM65/$AM$69 -> 0
AL66: C- | AM66: =COUNTIF(Peserta!$J$13:$J$212,AL66) -> 0 | AN66: =AM66/$AM$69 -> 0
AL67: D+ | AM67: =COUNTIF(Peserta!$J$13:$J$212,AL67) -> 0 | AN67: =AM67/$AM$69 -> 0
AL68: D | AM68: =COUNTIF(Peserta!$J$13:$J$212,AL68) -> 0 | AN68: =AM68/$AM$69 -> 0
AM69: =SUM(AM59:AM68) -> 2 | AN69: =SUM(AN59:AN68) -> 1

Sheet process01
B1: PILIHAN GANDA | C1: TOTAL SKOR | F1: SOAL URAIAN | P1: JUMLAH SOAL | Q1: TOTAL SKOR | S1: Bobot Pil Ganda | T1: Bobot Isian Singkat | U1: Bobot Essay | V1: Total | AL1: A | AM1: B | AN1: C | AO1: D | AW1: Skala | AX1: 100 | AY1: 100 | AZ1: =AY1-$AX$5 -> 89 | BA1: =AZ1-$AX$5 -> 78 | BB1: =BA1-$AX$5 -> 67
C2: =process02!B13 -> 70 | P2: =Input01!B28 -> 0 | Q2: =Q7 -> 0 | S2: =Input01!B29 -> 1 | T2: =Input01!B30 -> 1 | U2: =Input01!B31 -> 0 | V2: =SUM(S2:U2) -> 2 | AL2: =IF(Input01!$B$22=$AX1,AY1,IF(Input01!$B$22=$AX2,AY2,AY3)) -> 100 | AM2: =IF(Input01!$B$22=$AX1,AZ1,IF(Input01!$B$22=$AX2,AZ2,AZ3)) -> 89 | AN2: =IF(Input01!$B$22=$AX1,BA1,IF(Input01!$B$22=$AX2,BA2,BA3)) -> 78 | AO2: =IF(Input01!$B$22=$AX1,BB1,IF(Input01!$B$22=$AX2,BB2,BB3)) -> 67 | AP2: =IF(Input01!$B$22=$AX1,BC1,IF(Input01!$B$22=$AX2,BC2,BC3)) -> 0 | AQ2: =IF(Input01!$B$22=$AX1,BD1,IF(Input01!$B$22=$AX2,BD2,BD3)) -> 0 | AR2: =IF(Input01!$B$22=$AX1,BE1,IF(Input01!$B$22=$AX2,BE2,BE3)) -> 0 | AS2: =IF(Input01!$B$22=$AX1,BF1,IF(Input01!$B$22=$AX2,BF2,BF3)) -> 0 | ... AU2: =IF(Input01!$B$22=$AX1,BH1,IF(Input01!$B$22=$AX2,BH2,BH3)) -> 0 | AW2: Skala | AX2: 10 | AY2: =AY1/10 -> 10 | AZ2: =AZ1/10 -> 8.9 | BA2: =BA1/10 -> 7.8 | BB2: =BB1/10 -> 6.7
AW3: Skala | AX3: 4 | AY3: =AY1/25 -> 4 | AZ3: =AZ1/25 -> 3.56 | BA3: =BA1/25 -> 3.12 | BB3: =BB1/25 -> 2.68
F4: DATA SOAL URAIAN | W4: HASIL GABUNGAN | AA4: Koreksi Total Skor Essay (Total dikurangi skor butir) | AL4: =IF(AL5<>0,AL5&"; ","") | AM4: =IF(AM5<>0,AM5&"; ","") | AN4: =IF(AN5<>0,AN5&"; ","") | AO4: =IF(AO5<>0,AO5&"; ","") | AP4: =IF(AP5<>0,AP5&"; ","") | AQ4: =IF(AQ5<>0,AQ5&"; ","") | AR4: =IF(AR5<>0,AR5&"; ","") | AS4: =IF(AS5<>0,AS5&"; ","") | ... AU4: =IF(AU5<>0,AU5&"; ","") | AW4: KKM | AX4: =Input01!B23 -> 67 | AY4: =IF(AY5<>0,AY5&"; ","") | AZ4: =IF(AZ5<>0,AZ5&"; ","") | BA4: =IF(BA5<>0,BA5&"; ","") | BB4: =IF(BB5<>0,BB5&"; ","") | BC4: =IF(BC5<>0,BC5&"; ","") | BD4: =IF(BD5<>0,BD5&"; ","") | BE4: =IF(BE5<>0,BE5&"; ","") | BF4: =IF(BF5<>0,BF5&"; ","") | ... BH4: =IF(BH5<>0,BH5&"; ","")
A5: No | B5: Skor Tes Pilihan Ganda | C5: Nilai Objektif | F5: SKOR TIAP SOAL | Q5: JUMLAH | S5: Nilai | T5: Nilai | U5: Nilai | AL5: =Input01!B122 -> 0 | AM5: =Input01!B123 -> 0 | AN5: =Input01!B124 -> 0 | AO5: =Input01!B125 -> 0 | AP5: =Input01!B126 -> 0 | AQ5: =Input01!B127 -> 0 | AR5: =Input01!B128 -> 0 | AS5: =Input01!B129 -> 0 | AT5: =Input01!B130 -> 0 | AU5: =Input01!B131 -> 0 | AW5: Interval | AX5: =(Input01!B22-Input01!B23)/3 -> 11 | AY5: =Input01!O122 -> 0 | AZ5: =Input01!O123 -> 0 | BA5: =Input01!O124 -> 0 | BB5: =Input01!O125 -> 0 | BC5: =Input01!O126 -> 0 | BD5: =Input01!O127 -> 0 | BE5: =Input01!O128 -> 0 | BF5: =Input01!O129 -> 0 | BG5: =Input01!O130 -> 0 | BH5: =Input01!O131 -> 0
F6: 1 | G6: 2 | H6: 3 | I6: 4 | J6: 5 | K6: 6 | L6: 7 | M6: 8 | N6: 9 | O6: 10 | Q6: SKOR | S6: Objektif | T6: Isian Singkat | U6: Essay | W6: TOTAL | X6: NILAI | Y6: PREDIKAT | AA6: 1 | AB6: 2 | AC6: 3 | AD6: 4 | AE6: 5 | AF6: 6 | AG6: 7 | AH6: 8 | AI6: 9 | AJ6: 10 | AL6: 1 | AM6: 2 | AN6: 3 | AO6: 4 | AP6: 5 | AQ6: 6 | AR6: 7 | AS6: 8 | AT6: 9 | AU6: 10 | AY6: 1 | AZ6: 2 | BA6: 3 | BB6: 4 | BC6: 5 | BD6: 6 | BE6: 7 | BF6: 8 | BG6: 9 | BH6: 10
F7: =IF(F6<=$P$2,Input01!B111,"") | G7: =IF(G6<=$P$2,Input01!B112,"") | H7: =IF(H6<=$P$2,Input01!B113,"") | I7: =IF(I6<=$P$2,Input01!B114,"") | J7: =IF(J6<=$P$2,Input01!B115,"") | K7: =IF(K6<=$P$2,Input01!B116,"") | L7: =IF(L6<=$P$2,Input01!B117,"") | M7: =IF(M6<=$P$2,Input01!B118,"") | N7: =IF(N6<=$P$2,Input01!B119,"") | O7: =IF(O6<=$P$2,Input01!B120,"") | Q7: =SUM(F7:O7) -> 0 | W7: SKOR | Z7: KKM | AL7: =F7 | AM7: =G7 | AN7: =H7 | AO7: =I7 | AP7: =J7 | AQ7: =K7 | AR7: =L7 | AS7: =M7 | ... AU7: =O7 | AY7: =AL7 | AZ7: =AM7 | BA7: =AN7 | BB7: =AO7 | BC7: =AP7 | BD7: =AQ7 | BE7: =AR7 | BF7: =AS7 | ... BH7: =AU7
A8: 1 | B8: =process02!DF17 -> 6 | C8: =IF(B8<>"",(B8/$C$2)*Input01!$B$22,"") -> 8.5714286 | F8: =IF(AND(Input02!BV6<>"",F$7<>""),Input02!BV6,"") | G8: =IF(AND(Input02!BW6<>"",G$7<>""),Input02!BW6,"") | H8: =IF(AND(Input02!BX6<>"",H$7<>""),Input02!BX6,"") | I8: =IF(AND(Input02!BY6<>"",I$7<>""),Input02!BY6,"") | J8: =IF(AND(Input02!BZ6<>"",J$7<>""),Input02!BZ6,"") | K8: =IF(AND(Input02!CA6<>"",K$7<>""),Input02!CA6,"") | L8: =IF(AND(Input02!CB6<>"",L$7<>""),Input02!CB6,"") | M8: =IF(AND(Input02!CC6<>"",M$7<>""),Input02!CC6,"") | ... O8: =IF(AND(Input02!CE6<>"",O$7<>""),Input02!CE6,"") | P8: =F8&G8&H8&I8&J8&K8&L8&M8&N8&O8 | Q8: =IF(P8<>"",SUM(F8:O8),"") | S8: =IF(Input02!B6="","",IF(C8<>"",C8,0)) -> 8.5714286 | T8: =IF(Input02!B6="","",IF(process04!AB8<>"",process04!AB8,0)) -> 200 | U8: =IF(Input02!B6="","",IF(Q8<>"",(Q8/$Q$2)*Input01!$B$22,0)) -> 0 | W8: =IF(AND(B8="",Q8=""),"",IF(AND($C$2=0,$Q$2=0),"",IF($C$2=0,Q8,IF($Q$2=0,B8,B8+Q8)))) -> 6 | X8: =IF(W8="","",S8*$S$2+T8*$T$2+U8*$U$2) -> 208.57143 | Y8: =IF(X8="","",IF(X8>$AM$2,$AL$1,IF(X8>$AN$2,$AM$1,IF(X8>$AO$2,$AN$1,IF(X8>$AP$2,$AO$1,IF(X8>$AQ$2,$AP$1,IF(X8>$AR$2,$AQ$1,IF(X8>$AS$2,$AR$1,IF(X8>$AT$2,$AS$1,IF(X8>$AU$2,$AT$1,$AU$1)))))))))) -> A | Z8: =IF(X8="","",IF(X8<Input01!$B$23,0,1)) -> 1 | AA8: =IF(F8="","",$Q8-F8) | AB8: =IF(G8="","",$Q8-G8) | AC8: =IF(H8="","",$Q8-H8) | AD8: =IF(I8="","",$Q8-I8) | AE8: =IF(J8="","",$Q8-J8) | AF8: =IF(K8="","",$Q8-K8) | AG8: =IF(L8="","",$Q8-L8) | AH8: =IF(M8="","",$Q8-M8) | ... AJ8: =IF(O8="","",$Q8-O8) | AL8: =IF(F8="","",IF(AND(F8/F$7<=process02!$F$13,$Z8=0),AL$4,"")) | AM8: =IF(G8="","",IF(AND(G8/G$7<=process02!$F$13,$Z8=0),AM$4,"")) | AN8: =IF(H8="","",IF(AND(H8/H$7<=process02!$F$13,$Z8=0),AN$4,"")) | AO8: =IF(I8="","",IF(AND(I8/I$7<=process02!$F$13,$Z8=0),AO$4,"")) | AP8: =IF(J8="","",IF(AND(J8/J$7<=process02!$F$13,$Z8=0),AP$4,"")) | AQ8: =IF(K8="","",IF(AND(K8/K$7<=process02!$F$13,$Z8=0),AQ$4,"")) | AR8: =IF(L8="","",IF(AND(L8/L$7<=process02!$F$13,$Z8=0),AR$4,"")) | AS8: =IF(M8="","",IF(AND(M8/M$7<=process02!$F$13,$Z8=0),AS$4,"")) | ... AU8: =IF(O8="","",IF(AND(O8/O$7<=process02!$F$13,$Z8=0),AU$4,"")) | AW8: =AL8&AM8&AN8&AO8&AP8&AQ8&AR8&AS8&AT8&AU8 | AY8: =IF(AL8="","",Input02!$B6&"; ") | AZ8: =IF(AM8="","",Input02!$B6&"; ") | BA8: =IF(AN8="","",Input02!$B6&"; ") | BB8: =IF(AO8="","",Input02!$B6&"; ") | BC8: =IF(AP8="","",Input02!$B6&"; ") | BD8: =IF(AQ8="","",Input02!$B6&"; ") | BE8: =IF(AR8="","",Input02!$B6&"; ") | BF8: =IF(AS8="","",Input02!$B6&"; ") | ... BH8: =IF(AU8="","",Input02!$B6&"; ")
A9: 2 | B9: =process02!DF18 -> 14 | C9: =IF(B9<>"",(B9/$C$2)*Input01!$B$22,"") -> 20 | F9: =IF(AND(Input02!BV7<>"",F$7<>""),Input02!BV7,"") | G9: =IF(AND(Input02!BW7<>"",G$7<>""),Input02!BW7,"") | H9: =IF(AND(Input02!BX7<>"",H$7<>""),Input02!BX7,"") | I9: =IF(AND(Input02!BY7<>"",I$7<>""),Input02!BY7,"") | J9: =IF(AND(Input02!BZ7<>"",J$7<>""),Input02!BZ7,"") | K9: =IF(AND(Input02!CA7<>"",K$7<>""),Input02!CA7,"") | L9: =IF(AND(Input02!CB7<>"",L$7<>""),Input02!CB7,"") | M9: =IF(AND(Input02!CC7<>"",M$7<>""),Input02!CC7,"") | ... O9: =IF(AND(Input02!CE7<>"",O$7<>""),Input02!CE7,"") | P9: =F9&G9&H9&I9&J9&K9&L9&M9&N9&O9 | Q9: =IF(P9<>"",SUM(F9:O9),"") | S9: =IF(Input02!B7="","",IF(C9<>"",C9,0)) -> 20 | T9: =IF(Input02!B7="","",IF(process04!AB9<>"",process04!AB9,0)) -> 200 | U9: =IF(Input02!B7="","",IF(Q9<>"",(Q9/$Q$2)*Input01!$B$22,0)) -> 0 | W9: =IF(AND(B9="",Q9=""),"",IF(AND($C$2=0,$Q$2=0),"",IF($C$2=0,Q9,IF($Q$2=0,B9,B9+Q9)))) -> 14 | X9: =IF(W9="","",S9*$S$2+T9*$T$2+U9*$U$2) -> 220 | Y9: =IF(X9="","",IF(X9>$AM$2,$AL$1,IF(X9>$AN$2,$AM$1,IF(X9>$AO$2,$AN$1,IF(X9>$AP$2,$AO$1,IF(X9>$AQ$2,$AP$1,IF(X9>$AR$2,$AQ$1,IF(X9>$AS$2,$AR$1,IF(X9>$AT$2,$AS$1,IF(X9>$AU$2,$AT$1,$AU$1)))))))))) -> A | Z9: =IF(X9="","",IF(X9<Input01!$B$23,0,1)) -> 1 | AA9: =IF(F9="","",$Q9-F9) | AB9: =IF(G9="","",$Q9-G9) | AC9: =IF(H9="","",$Q9-H9) | AD9: =IF(I9="","",$Q9-I9) | AE9: =IF(J9="","",$Q9-J9) | AF9: =IF(K9="","",$Q9-K9) | AG9: =IF(L9="","",$Q9-L9) | AH9: =IF(M9="","",$Q9-M9) | ... AJ9: =IF(O9="","",$Q9-O9) | AL9: =IF(F9="","",IF(AND(F9/F$7<=process02!$F$13,$Z9=0),AL$4,"")) | AM9: =IF(G9="","",IF(AND(G9/G$7<=process02!$F$13,$Z9=0),AM$4,"")) | AN9: =IF(H9="","",IF(AND(H9/H$7<=process02!$F$13,$Z9=0),AN$4,"")) | AO9: =IF(I9="","",IF(AND(I9/I$7<=process02!$F$13,$Z9=0),AO$4,"")) | AP9: =IF(J9="","",IF(AND(J9/J$7<=process02!$F$13,$Z9=0),AP$4,"")) | AQ9: =IF(K9="","",IF(AND(K9/K$7<=process02!$F$13,$Z9=0),AQ$4,"")) | AR9: =IF(L9="","",IF(AND(L9/L$7<=process02!$F$13,$Z9=0),AR$4,"")) | AS9: =IF(M9="","",IF(AND(M9/M$7<=process02!$F$13,$Z9=0),AS$4,"")) | ... AU9: =IF(O9="","",IF(AND(O9/O$7<=process02!$F$13,$Z9=0),AU$4,"")) | AW9: =AL9&AM9&AN9&AO9&AP9&AQ9&AR9&AS9&AT9&AU9 | AY9: =IF(AL9="","",Input02!$B7&"; ") | AZ9: =IF(AM9="","",Input02!$B7&"; ") | BA9: =IF(AN9="","",Input02!$B7&"; ") | BB9: =IF(AO9="","",Input02!$B7&"; ") | BC9: =IF(AP9="","",Input02!$B7&"; ") | BD9: =IF(AQ9="","",Input02!$B7&"; ") | BE9: =IF(AR9="","",Input02!$B7&"; ") | BF9: =IF(AS9="","",Input02!$B7&"; ") | ... BH9: =IF(AU9="","",Input02!$B7&"; ")
A10: 3 | B10: =process02!DF19 | C10: =IF(B10<>"",(B10/$C$2)*Input01!$B$22,"") | F10: =IF(AND(Input02!BV8<>"",F$7<>""),Input02!BV8,"") | G10: =IF(AND(Input02!BW8<>"",G$7<>""),Input02!BW8,"") | H10: =IF(AND(Input02!BX8<>"",H$7<>""),Input02!BX8,"") | I10: =IF(AND(Input02!BY8<>"",I$7<>""),Input02!BY8,"") | J10: =IF(AND(Input02!BZ8<>"",J$7<>""),Input02!BZ8,"") | K10: =IF(AND(Input02!CA8<>"",K$7<>""),Input02!CA8,"") | L10: =IF(AND(Input02!CB8<>"",L$7<>""),Input02!CB8,"") | M10: =IF(AND(Input02!CC8<>"",M$7<>""),Input02!CC8,"") | ... O10: =IF(AND(Input02!CE8<>"",O$7<>""),Input02!CE8,"") | P10: =F10&G10&H10&I10&J10&K10&L10&M10&N10&O10 | Q10: =IF(P10<>"",SUM(F10:O10),"") | S10: =IF(Input02!B8="","",IF(C10<>"",C10,0)) -> 0 | T10: =IF(Input02!B8="","",IF(process04!AB10<>"",process04!AB10,0)) -> 0 | U10: =IF(Input02!B8="","",IF(Q10<>"",(Q10/$Q$2)*Input01!$B$22,0)) -> 0 | W10: =IF(AND(B10="",Q10=""),"",IF(AND($C$2=0,$Q$2=0),"",IF($C$2=0,Q10,IF($Q$2=0,B10,B10+Q10)))) | X10: =IF(W10="","",S10*$S$2+T10*$T$2+U10*$U$2) | Y10: =IF(X10="","",IF(X10>$AM$2,$AL$1,IF(X10>$AN$2,$AM$1,IF(X10>$AO$2,$AN$1,IF(X10>$AP$2,$AO$1,IF(X10>$AQ$2,$AP$1,IF(X10>$AR$2,$AQ$1,IF(X10>$AS$2,$AR$1,IF(X10>$AT$2,$AS$1,IF(X10>$AU$2,$AT$1,$AU$1)))))))))) | Z10: =IF(X10="","",IF(X10<Input01!$B$23,0,1)) | AA10: =IF(F10="","",$Q10-F10) | AB10: =IF(G10="","",$Q10-G10) | AC10: =IF(H10="","",$Q10-H10) | AD10: =IF(I10="","",$Q10-I10) | AE10: =IF(J10="","",$Q10-J10) | AF10: =IF(K10="","",$Q10-K10) | AG10: =IF(L10="","",$Q10-L10) | AH10: =IF(M10="","",$Q10-M10) | ... AJ10: =IF(O10="","",$Q10-O10) | AL10: =IF(F10="","",IF(AND(F10/F$7<=process02!$F$13,$Z10=0),AL$4,"")) | AM10: =IF(G10="","",IF(AND(G10/G$7<=process02!$F$13,$Z10=0),AM$4,"")) | AN10: =IF(H10="","",IF(AND(H10/H$7<=process02!$F$13,$Z10=0),AN$4,"")) | AO10: =IF(I10="","",IF(AND(I10/I$7<=process02!$F$13,$Z10=0),AO$4,"")) | AP10: =IF(J10="","",IF(AND(J10/J$7<=process02!$F$13,$Z10=0),AP$4,"")) | AQ10: =IF(K10="","",IF(AND(K10/K$7<=process02!$F$13,$Z10=0),AQ$4,"")) | AR10: =IF(L10="","",IF(AND(L10/L$7<=process02!$F$13,$Z10=0),AR$4,"")) | AS10: =IF(M10="","",IF(AND(M10/M$7<=process02!$F$13,$Z10=0),AS$4,"")) | ... AU10: =IF(O10="","",IF(AND(O10/O$7<=process02!$F$13,$Z10=0),AU$4,"")) | AW10: =AL10&AM10&AN10&AO10&AP10&AQ10&AR10&AS10&AT10&AU10 | AY10: =IF(AL10="","",Input02!$B8&"; ") | AZ10: =IF(AM10="","",Input02!$B8&"; ") | BA10: =IF(AN10="","",Input02!$B8&"; ") | BB10: =IF(AO10="","",Input02!$B8&"; ") | BC10: =IF(AP10="","",Input02!$B8&"; ") | BD10: =IF(AQ10="","",Input02!$B8&"; ") | BE10: =IF(AR10="","",Input02!$B8&"; ") | BF10: =IF(AS10="","",Input02!$B8&"; ") | ... BH10: =IF(AU10="","",Input02!$B8&"; ")
A11: 4 | B11: =process02!DF20 | C11: =IF(B11<>"",(B11/$C$2)*Input01!$B$22,"") | F11: =IF(AND(Input02!BV9<>"",F$7<>""),Input02!BV9,"") | G11: =IF(AND(Input02!BW9<>"",G$7<>""),Input02!BW9,"") | H11: =IF(AND(Input02!BX9<>"",H$7<>""),Input02!BX9,"") | I11: =IF(AND(Input02!BY9<>"",I$7<>""),Input02!BY9,"") | J11: =IF(AND(Input02!BZ9<>"",J$7<>""),Input02!BZ9,"") | K11: =IF(AND(Input02!CA9<>"",K$7<>""),Input02!CA9,"") | L11: =IF(AND(Input02!CB9<>"",L$7<>""),Input02!CB9,"") | M11: =IF(AND(Input02!CC9<>"",M$7<>""),Input02!CC9,"") | ... O11: =IF(AND(Input02!CE9<>"",O$7<>""),Input02!CE9,"") | P11: =F11&G11&H11&I11&J11&K11&L11&M11&N11&O11 | Q11: =IF(P11<>"",SUM(F11:O11),"") | S11: =IF(Input02!B9="","",IF(C11<>"",C11,0)) -> 0 | T11: =IF(Input02!B9="","",IF(process04!AB11<>"",process04!AB11,0)) -> 0 | U11: =IF(Input02!B9="","",IF(Q11<>"",(Q11/$Q$2)*Input01!$B$22,0)) -> 0 | W11: =IF(AND(B11="",Q11=""),"",IF(AND($C$2=0,$Q$2=0),"",IF($C$2=0,Q11,IF($Q$2=0,B11,B11+Q11)))) | X11: =IF(W11="","",S11*$S$2+T11*$T$2+U11*$U$2) | Y11: =IF(X11="","",IF(X11>$AM$2,$AL$1,IF(X11>$AN$2,$AM$1,IF(X11>$AO$2,$AN$1,IF(X11>$AP$2,$AO$1,IF(X11>$AQ$2,$AP$1,IF(X11>$AR$2,$AQ$1,IF(X11>$AS$2,$AR$1,IF(X11>$AT$2,$AS$1,IF(X11>$AU$2,$AT$1,$AU$1)))))))))) | Z11: =IF(X11="","",IF(X11<Input01!$B$23,0,1)) | AA11: =IF(F11="","",$Q11-F11) | AB11: =IF(G11="","",$Q11-G11) | AC11: =IF(H11="","",$Q11-H11) | AD11: =IF(I11="","",$Q11-I11) | AE11: =IF(J11="","",$Q11-J11) | AF11: =IF(K11="","",$Q11-K11) | AG11: =IF(L11="","",$Q11-L11) | AH11: =IF(M11="","",$Q11-M11) | ... AJ11: =IF(O11="","",$Q11-O11) | AL11: =IF(F11="","",IF(AND(F11/F$7<=process02!$F$13,$Z11=0),AL$4,"")) | AM11: =IF(G11="","",IF(AND(G11/G$7<=process02!$F$13,$Z11=0),AM$4,"")) | AN11: =IF(H11="","",IF(AND(H11/H$7<=process02!$F$13,$Z11=0),AN$4,"")) | AO11: =IF(I11="","",IF(AND(I11/I$7<=process02!$F$13,$Z11=0),AO$4,"")) | AP11: =IF(J11="","",IF(AND(J11/J$7<=process02!$F$13,$Z11=0),AP$4,"")) | AQ11: =IF(K11="","",IF(AND(K11/K$7<=process02!$F$13,$Z11=0),AQ$4,"")) | AR11: =IF(L11="","",IF(AND(L11/L$7<=process02!$F$13,$Z11=0),AR$4,"")) | AS11: =IF(M11="","",IF(AND(M11/M$7<=process02!$F$13,$Z11=0),AS$4,"")) | ... AU11: =IF(O11="","",IF(AND(O11/O$7<=process02!$F$13,$Z11=0),AU$4,"")) | AW11: =AL11&AM11&AN11&AO11&AP11&AQ11&AR11&AS11&AT11&AU11 | AY11: =IF(AL11="","",Input02!$B9&"; ") | AZ11: =IF(AM11="","",Input02!$B9&"; ") | BA11: =IF(AN11="","",Input02!$B9&"; ") | BB11: =IF(AO11="","",Input02!$B9&"; ") | BC11: =IF(AP11="","",Input02!$B9&"; ") | BD11: =IF(AQ11="","",Input02!$B9&"; ") | BE11: =IF(AR11="","",Input02!$B9&"; ") | BF11: =IF(AS11="","",Input02!$B9&"; ") | ... BH11: =IF(AU11="","",Input02!$B9&"; ")
A12: 5 | B12: =process02!DF21 | C12: =IF(B12<>"",(B12/$C$2)*Input01!$B$22,"") | F12: =IF(AND(Input02!BV10<>"",F$7<>""),Input02!BV10,"") | G12: =IF(AND(Input02!BW10<>"",G$7<>""),Input02!BW10,"") | H12: =IF(AND(Input02!BX10<>"",H$7<>""),Input02!BX10,"") | I12: =IF(AND(Input02!BY10<>"",I$7<>""),Input02!BY10,"") | J12: =IF(AND(Input02!BZ10<>"",J$7<>""),Input02!BZ10,"") | K12: =IF(AND(Input02!CA10<>"",K$7<>""),Input02!CA10,"") | L12: =IF(AND(Input02!CB10<>"",L$7<>""),Input02!CB10,"") | M12: =IF(AND(Input02!CC10<>"",M$7<>""),Input02!CC10,"") | ... O12: =IF(AND(Input02!CE10<>"",O$7<>""),Input02!CE10,"") | P12: =F12&G12&H12&I12&J12&K12&L12&M12&N12&O12 | Q12: =IF(P12<>"",SUM(F12:O12),"") | S12: =IF(Input02!B10="","",IF(C12<>"",C12,0)) -> 0 | T12: =IF(Input02!B10="","",IF(process04!AB12<>"",process04!AB12,0)) -> 0 | U12: =IF(Input02!B10="","",IF(Q12<>"",(Q12/$Q$2)*Input01!$B$22,0)) -> 0 | W12: =IF(AND(B12="",Q12=""),"",IF(AND($C$2=0,$Q$2=0),"",IF($C$2=0,Q12,IF($Q$2=0,B12,B12+Q12)))) | X12: =IF(W12="","",S12*$S$2+T12*$T$2+U12*$U$2) | Y12: =IF(X12="","",IF(X12>$AM$2,$AL$1,IF(X12>$AN$2,$AM$1,IF(X12>$AO$2,$AN$1,IF(X12>$AP$2,$AO$1,IF(X12>$AQ$2,$AP$1,IF(X12>$AR$2,$AQ$1,IF(X12>$AS$2,$AR$1,IF(X12>$AT$2,$AS$1,IF(X12>$AU$2,$AT$1,$AU$1)))))))))) | Z12: =IF(X12="","",IF(X12<Input01!$B$23,0,1)) | AA12: =IF(F12="","",$Q12-F12) | AB12: =IF(G12="","",$Q12-G12) | AC12: =IF(H12="","",$Q12-H12) | AD12: =IF(I12="","",$Q12-I12) | AE12: =IF(J12="","",$Q12-J12) | AF12: =IF(K12="","",$Q12-K12) | AG12: =IF(L12="","",$Q12-L12) | AH12: =IF(M12="","",$Q12-M12) | ... AJ12: =IF(O12="","",$Q12-O12) | AL12: =IF(F12="","",IF(AND(F12/F$7<=process02!$F$13,$Z12=0),AL$4,"")) | AM12: =IF(G12="","",IF(AND(G12/G$7<=process02!$F$13,$Z12=0),AM$4,"")) | AN12: =IF(H12="","",IF(AND(H12/H$7<=process02!$F$13,$Z12=0),AN$4,"")) | AO12: =IF(I12="","",IF(AND(I12/I$7<=process02!$F$13,$Z12=0),AO$4,"")) | AP12: =IF(J12="","",IF(AND(J12/J$7<=process02!$F$13,$Z12=0),AP$4,"")) | AQ12: =IF(K12="","",IF(AND(K12/K$7<=process02!$F$13,$Z12=0),AQ$4,"")) | AR12: =IF(L12="","",IF(AND(L12/L$7<=process02!$F$13,$Z12=0),AR$4,"")) | AS12: =IF(M12="","",IF(AND(M12/M$7<=process02!$F$13,$Z12=0),AS$4,"")) | ... AU12: =IF(O12="","",IF(AND(O12/O$7<=process02!$F$13,$Z12=0),AU$4,"")) | AW12: =AL12&AM12&AN12&AO12&AP12&AQ12&AR12&AS12&AT12&AU12 | AY12: =IF(AL12="","",Input02!$B10&"; ") | AZ12: =IF(AM12="","",Input02!$B10&"; ") | BA12: =IF(AN12="","",Input02!$B10&"; ") | BB12: =IF(AO12="","",Input02!$B10&"; ") | BC12: =IF(AP12="","",Input02!$B10&"; ") | BD12: =IF(AQ12="","",Input02!$B10&"; ") | BE12: =IF(AR12="","",Input02!$B10&"; ") | BF12: =IF(AS12="","",Input02!$B10&"; ") | ... BH12: =IF(AU12="","",Input02!$B10&"; ")
A13: 6 | B13: =process02!DF22 | C13: =IF(B13<>"",(B13/$C$2)*Input01!$B$22,"") | F13: =IF(AND(Input02!BV11<>"",F$7<>""),Input02!BV11,"") | G13: =IF(AND(Input02!BW11<>"",G$7<>""),Input02!BW11,"") | H13: =IF(AND(Input02!BX11<>"",H$7<>""),Input02!BX11,"") | I13: =IF(AND(Input02!BY11<>"",I$7<>""),Input02!BY11,"") | J13: =IF(AND(Input02!BZ11<>"",J$7<>""),Input02!BZ11,"") | K13: =IF(AND(Input02!CA11<>"",K$7<>""),Input02!CA11,"") | L13: =IF(AND(Input02!CB11<>"",L$7<>""),Input02!CB11,"") | M13: =IF(AND(Input02!CC11<>"",M$7<>""),Input02!CC11,"") | ... O13: =IF(AND(Input02!CE11<>"",O$7<>""),Input02!CE11,"") | P13: =F13&G13&H13&I13&J13&K13&L13&M13&N13&O13 | Q13: =IF(P13<>"",SUM(F13:O13),"") | S13: =IF(Input02!B11="","",IF(C13<>"",C13,0)) -> 0 | T13: =IF(Input02!B11="","",IF(process04!AB13<>"",process04!AB13,0)) -> 0 | U13: =IF(Input02!B11="","",IF(Q13<>"",(Q13/$Q$2)*Input01!$B$22,0)) -> 0 | W13: =IF(AND(B13="",Q13=""),"",IF(AND($C$2=0,$Q$2=0),"",IF($C$2=0,Q13,IF($Q$2=0,B13,B13+Q13)))) | X13: =IF(W13="","",S13*$S$2+T13*$T$2+U13*$U$2) | Y13: =IF(X13="","",IF(X13>$AM$2,$AL$1,IF(X13>$AN$2,$AM$1,IF(X13>$AO$2,$AN$1,IF(X13>$AP$2,$AO$1,IF(X13>$AQ$2,$AP$1,IF(X13>$AR$2,$AQ$1,IF(X13>$AS$2,$AR$1,IF(X13>$AT$2,$AS$1,IF(X13>$AU$2,$AT$1,$AU$1)))))))))) | Z13: =IF(X13="","",IF(X13<Input01!$B$23,0,1)) | AA13: =IF(F13="","",$Q13-F13) | AB13: =IF(G13="","",$Q13-G13) | AC13: =IF(H13="","",$Q13-H13) | AD13: =IF(I13="","",$Q13-I13) | AE13: =IF(J13="","",$Q13-J13) | AF13: =IF(K13="","",$Q13-K13) | AG13: =IF(L13="","",$Q13-L13) | AH13: =IF(M13="","",$Q13-M13) | ... AJ13: =IF(O13="","",$Q13-O13) | AL13: =IF(F13="","",IF(AND(F13/F$7<=process02!$F$13,$Z13=0),AL$4,"")) | AM13: =IF(G13="","",IF(AND(G13/G$7<=process02!$F$13,$Z13=0),AM$4,"")) | AN13: =IF(H13="","",IF(AND(H13/H$7<=process02!$F$13,$Z13=0),AN$4,"")) | AO13: =IF(I13="","",IF(AND(I13/I$7<=process02!$F$13,$Z13=0),AO$4,"")) | AP13: =IF(J13="","",IF(AND(J13/J$7<=process02!$F$13,$Z13=0),AP$4,"")) | AQ13: =IF(K13="","",IF(AND(K13/K$7<=process02!$F$13,$Z13=0),AQ$4,"")) | AR13: =IF(L13="","",IF(AND(L13/L$7<=process02!$F$13,$Z13=0),AR$4,"")) | AS13: =IF(M13="","",IF(AND(M13/M$7<=process02!$F$13,$Z13=0),AS$4,"")) | ... AU13: =IF(O13="","",IF(AND(O13/O$7<=process02!$F$13,$Z13=0),AU$4,"")) | AW13: =AL13&AM13&AN13&AO13&AP13&AQ13&AR13&AS13&AT13&AU13 | AY13: =IF(AL13="","",Input02!$B11&"; ") | AZ13: =IF(AM13="","",Input02!$B11&"; ") | BA13: =IF(AN13="","",Input02!$B11&"; ") | BB13: =IF(AO13="","",Input02!$B11&"; ") | BC13: =IF(AP13="","",Input02!$B11&"; ") | BD13: =IF(AQ13="","",Input02!$B11&"; ") | BE13: =IF(AR13="","",Input02!$B11&"; ") | BF13: =IF(AS13="","",Input02!$B11&"; ") | ... BH13: =IF(AU13="","",Input02!$B11&"; ")
A14: 7 | B14: =process02!DF23 | C14: =IF(B14<>"",(B14/$C$2)*Input01!$B$22,"") | F14: =IF(AND(Input02!BV12<>"",F$7<>""),Input02!BV12,"") | G14: =IF(AND(Input02!BW12<>"",G$7<>""),Input02!BW12,"") | H14: =IF(AND(Input02!BX12<>"",H$7<>""),Input02!BX12,"") | I14: =IF(AND(Input02!BY12<>"",I$7<>""),Input02!BY12,"") | J14: =IF(AND(Input02!BZ12<>"",J$7<>""),Input02!BZ12,"") | K14: =IF(AND(Input02!CA12<>"",K$7<>""),Input02!CA12,"") | L14: =IF(AND(Input02!CB12<>"",L$7<>""),Input02!CB12,"") | M14: =IF(AND(Input02!CC12<>"",M$7<>""),Input02!CC12,"") | ... O14: =IF(AND(Input02!CE12<>"",O$7<>""),Input02!CE12,"") | P14: =F14&G14&H14&I14&J14&K14&L14&M14&N14&O14 | Q14: =IF(P14<>"",SUM(F14:O14),"") | S14: =IF(Input02!B12="","",IF(C14<>"",C14,0)) -> 0 | T14: =IF(Input02!B12="","",IF(process04!AB14<>"",process04!AB14,0)) -> 0 | U14: =IF(Input02!B12="","",IF(Q14<>"",(Q14/$Q$2)*Input01!$B$22,0)) -> 0 | W14: =IF(AND(B14="",Q14=""),"",IF(AND($C$2=0,$Q$2=0),"",IF($C$2=0,Q14,IF($Q$2=0,B14,B14+Q14)))) | X14: =IF(W14="","",S14*$S$2+T14*$T$2+U14*$U$2) | Y14: =IF(X14="","",IF(X14>$AM$2,$AL$1,IF(X14>$AN$2,$AM$1,IF(X14>$AO$2,$AN$1,IF(X14>$AP$2,$AO$1,IF(X14>$AQ$2,$AP$1,IF(X14>$AR$2,$AQ$1,IF(X14>$AS$2,$AR$1,IF(X14>$AT$2,$AS$1,IF(X14>$AU$2,$AT$1,$AU$1)))))))))) | Z14: =IF(X14="","",IF(X14<Input01!$B$23,0,1)) | AA14: =IF(F14="","",$Q14-F14) | AB14: =IF(G14="","",$Q14-G14) | AC14: =IF(H14="","",$Q14-H14) | AD14: =IF(I14="","",$Q14-I14) | AE14: =IF(J14="","",$Q14-J14) | AF14: =IF(K14="","",$Q14-K14) | AG14: =IF(L14="","",$Q14-L14) | AH14: =IF(M14="","",$Q14-M14) | ... AJ14: =IF(O14="","",$Q14-O14) | AL14: =IF(F14="","",IF(AND(F14/F$7<=process02!$F$13,$Z14=0),AL$4,"")) | AM14: =IF(G14="","",IF(AND(G14/G$7<=process02!$F$13,$Z14=0),AM$4,"")) | AN14: =IF(H14="","",IF(AND(H14/H$7<=process02!$F$13,$Z14=0),AN$4,"")) | AO14: =IF(I14="","",IF(AND(I14/I$7<=process02!$F$13,$Z14=0),AO$4,"")) | AP14: =IF(J14="","",IF(AND(J14/J$7<=process02!$F$13,$Z14=0),AP$4,"")) | AQ14: =IF(K14="","",IF(AND(K14/K$7<=process02!$F$13,$Z14=0),AQ$4,"")) | AR14: =IF(L14="","",IF(AND(L14/L$7<=process02!$F$13,$Z14=0),AR$4,"")) | AS14: =IF(M14="","",IF(AND(M14/M$7<=process02!$F$13,$Z14=0),AS$4,"")) | ... AU14: =IF(O14="","",IF(AND(O14/O$7<=process02!$F$13,$Z14=0),AU$4,"")) | AW14: =AL14&AM14&AN14&AO14&AP14&AQ14&AR14&AS14&AT14&AU14 | AY14: =IF(AL14="","",Input02!$B12&"; ") | AZ14: =IF(AM14="","",Input02!$B12&"; ") | BA14: =IF(AN14="","",Input02!$B12&"; ") | BB14: =IF(AO14="","",Input02!$B12&"; ") | BC14: =IF(AP14="","",Input02!$B12&"; ") | BD14: =IF(AQ14="","",Input02!$B12&"; ") | BE14: =IF(AR14="","",Input02!$B12&"; ") | BF14: =IF(AS14="","",Input02!$B12&"; ") | ... BH14: =IF(AU14="","",Input02!$B12&"; ")
A15: 8 | B15: =process02!DF24 | C15: =IF(B15<>"",(B15/$C$2)*Input01!$B$22,"") | F15: =IF(AND(Input02!BV13<>"",F$7<>""),Input02!BV13,"") | G15: =IF(AND(Input02!BW13<>"",G$7<>""),Input02!BW13,"") | H15: =IF(AND(Input02!BX13<>"",H$7<>""),Input02!BX13,"") | I15: =IF(AND(Input02!BY13<>"",I$7<>""),Input02!BY13,"") | J15: =IF(AND(Input02!BZ13<>"",J$7<>""),Input02!BZ13,"") | K15: =IF(AND(Input02!CA13<>"",K$7<>""),Input02!CA13,"") | L15: =IF(AND(Input02!CB13<>"",L$7<>""),Input02!CB13,"") | M15: =IF(AND(Input02!CC13<>"",M$7<>""),Input02!CC13,"") | ... O15: =IF(AND(Input02!CE13<>"",O$7<>""),Input02!CE13,"") | P15: =F15&G15&H15&I15&J15&K15&L15&M15&N15&O15 | Q15: =IF(P15<>"",SUM(F15:O15),"") | S15: =IF(Input02!B13="","",IF(C15<>"",C15,0)) -> 0 | T15: =IF(Input02!B13="","",IF(process04!AB15<>"",process04!AB15,0)) -> 0 | U15: =IF(Input02!B13="","",IF(Q15<>"",(Q15/$Q$2)*Input01!$B$22,0)) -> 0 | W15: =IF(AND(B15="",Q15=""),"",IF(AND($C$2=0,$Q$2=0),"",IF($C$2=0,Q15,IF($Q$2=0,B15,B15+Q15)))) | X15: =IF(W15="","",S15*$S$2+T15*$T$2+U15*$U$2) | Y15: =IF(X15="","",IF(X15>$AM$2,$AL$1,IF(X15>$AN$2,$AM$1,IF(X15>$AO$2,$AN$1,IF(X15>$AP$2,$AO$1,IF(X15>$AQ$2,$AP$1,IF(X15>$AR$2,$AQ$1,IF(X15>$AS$2,$AR$1,IF(X15>$AT$2,$AS$1,IF(X15>$AU$2,$AT$1,$AU$1)))))))))) | Z15: =IF(X15="","",IF(X15<Input01!$B$23,0,1)) | AA15: =IF(F15="","",$Q15-F15) | AB15: =IF(G15="","",$Q15-G15) | AC15: =IF(H15="","",$Q15-H15) | AD15: =IF(I15="","",$Q15-I15) | AE15: =IF(J15="","",$Q15-J15) | AF15: =IF(K15="","",$Q15-K15) | AG15: =IF(L15="","",$Q15-L15) | AH15: =IF(M15="","",$Q15-M15) | ... AJ15: =IF(O15="","",$Q15-O15) | AL15: =IF(F15="","",IF(AND(F15/F$7<=process02!$F$13,$Z15=0),AL$4,"")) | AM15: =IF(G15="","",IF(AND(G15/G$7<=process02!$F$13,$Z15=0),AM$4,"")) | AN15: =IF(H15="","",IF(AND(H15/H$7<=process02!$F$13,$Z15=0),AN$4,"")) | AO15: =IF(I15="","",IF(AND(I15/I$7<=process02!$F$13,$Z15=0),AO$4,"")) | AP15: =IF(J15="","",IF(AND(J15/J$7<=process02!$F$13,$Z15=0),AP$4,"")) | AQ15: =IF(K15="","",IF(AND(K15/K$7<=process02!$F$13,$Z15=0),AQ$4,"")) | AR15: =IF(L15="","",IF(AND(L15/L$7<=process02!$F$13,$Z15=0),AR$4,"")) | AS15: =IF(M15="","",IF(AND(M15/M$7<=process02!$F$13,$Z15=0),AS$4,"")) | ... AU15: =IF(O15="","",IF(AND(O15/O$7<=process02!$F$13,$Z15=0),AU$4,"")) | AW15: =AL15&AM15&AN15&AO15&AP15&AQ15&AR15&AS15&AT15&AU15 | AY15: =IF(AL15="","",Input02!$B13&"; ") | AZ15: =IF(AM15="","",Input02!$B13&"; ") | BA15: =IF(AN15="","",Input02!$B13&"; ") | BB15: =IF(AO15="","",Input02!$B13&"; ") | BC15: =IF(AP15="","",Input02!$B13&"; ") | BD15: =IF(AQ15="","",Input02!$B13&"; ") | BE15: =IF(AR15="","",Input02!$B13&"; ") | BF15: =IF(AS15="","",Input02!$B13&"; ") | ... BH15: =IF(AU15="","",Input02!$B13&"; ")
A16: 9 | B16: =process02!DF25 | C16: =IF(B16<>"",(B16/$C$2)*Input01!$B$22,"") | F16: =IF(AND(Input02!BV14<>"",F$7<>""),Input02!BV14,"") | G16: =IF(AND(Input02!BW14<>"",G$7<>""),Input02!BW14,"") | H16: =IF(AND(Input02!BX14<>"",H$7<>""),Input02!BX14,"") | I16: =IF(AND(Input02!BY14<>"",I$7<>""),Input02!BY14,"") | J16: =IF(AND(Input02!BZ14<>"",J$7<>""),Input02!BZ14,"") | K16: =IF(AND(Input02!CA14<>"",K$7<>""),Input02!CA14,"") | L16: =IF(AND(Input02!CB14<>"",L$7<>""),Input02!CB14,"") | M16: =IF(AND(Input02!CC14<>"",M$7<>""),Input02!CC14,"") | ... O16: =IF(AND(Input02!CE14<>"",O$7<>""),Input02!CE14,"") | P16: =F16&G16&H16&I16&J16&K16&L16&M16&N16&O16 | Q16: =IF(P16<>"",SUM(F16:O16),"") | S16: =IF(Input02!B14="","",IF(C16<>"",C16,0)) -> 0 | T16: =IF(Input02!B14="","",IF(process04!AB16<>"",process04!AB16,0)) -> 0 | U16: =IF(Input02!B14="","",IF(Q16<>"",(Q16/$Q$2)*Input01!$B$22,0)) -> 0 | W16: =IF(AND(B16="",Q16=""),"",IF(AND($C$2=0,$Q$2=0),"",IF($C$2=0,Q16,IF($Q$2=0,B16,B16+Q16)))) | X16: =IF(W16="","",S16*$S$2+T16*$T$2+U16*$U$2) | Y16: =IF(X16="","",IF(X16>$AM$2,$AL$1,IF(X16>$AN$2,$AM$1,IF(X16>$AO$2,$AN$1,IF(X16>$AP$2,$AO$1,IF(X16>$AQ$2,$AP$1,IF(X16>$AR$2,$AQ$1,IF(X16>$AS$2,$AR$1,IF(X16>$AT$2,$AS$1,IF(X16>$AU$2,$AT$1,$AU$1)))))))))) | Z16: =IF(X16="","",IF(X16<Input01!$B$23,0,1)) | AA16: =IF(F16="","",$Q16-F16) | AB16: =IF(G16="","",$Q16-G16) | AC16: =IF(H16="","",$Q16-H16) | AD16: =IF(I16="","",$Q16-I16) | AE16: =IF(J16="","",$Q16-J16) | AF16: =IF(K16="","",$Q16-K16) | AG16: =IF(L16="","",$Q16-L16) | AH16: =IF(M16="","",$Q16-M16) | ... AJ16: =IF(O16="","",$Q16-O16) | AL16: =IF(F16="","",IF(AND(F16/F$7<=process02!$F$13,$Z16=0),AL$4,"")) | AM16: =IF(G16="","",IF(AND(G16/G$7<=process02!$F$13,$Z16=0),AM$4,"")) | AN16: =IF(H16="","",IF(AND(H16/H$7<=process02!$F$13,$Z16=0),AN$4,"")) | AO16: =IF(I16="","",IF(AND(I16/I$7<=process02!$F$13,$Z16=0),AO$4,"")) | AP16: =IF(J16="","",IF(AND(J16/J$7<=process02!$F$13,$Z16=0),AP$4,"")) | AQ16: =IF(K16="","",IF(AND(K16/K$7<=process02!$F$13,$Z16=0),AQ$4,"")) | AR16: =IF(L16="","",IF(AND(L16/L$7<=process02!$F$13,$Z16=0),AR$4,"")) | AS16: =IF(M16="","",IF(AND(M16/M$7<=process02!$F$13,$Z16=0),AS$4,"")) | ... AU16: =IF(O16="","",IF(AND(O16/O$7<=process02!$F$13,$Z16=0),AU$4,"")) | AW16: =AL16&AM16&AN16&AO16&AP16&AQ16&AR16&AS16&AT16&AU16 | AY16: =IF(AL16="","",Input02!$B14&"; ") | AZ16: =IF(AM16="","",Input02!$B14&"; ") | BA16: =IF(AN16="","",Input02!$B14&"; ") | BB16: =IF(AO16="","",Input02!$B14&"; ") | BC16: =IF(AP16="","",Input02!$B14&"; ") | BD16: =IF(AQ16="","",Input02!$B14&"; ") | BE16: =IF(AR16="","",Input02!$B14&"; ") | BF16: =IF(AS16="","",Input02!$B14&"; ") | ... BH16: =IF(AU16="","",Input02!$B14&"; ")
A17: 10 | B17: =process02!DF26 | C17: =IF(B17<>"",(B17/$C$2)*Input01!$B$22,"") | F17: =IF(AND(Input02!BV15<>"",F$7<>""),Input02!BV15,"") | G17: =IF(AND(Input02!BW15<>"",G$7<>""),Input02!BW15,"") | H17: =IF(AND(Input02!BX15<>"",H$7<>""),Input02!BX15,"") | I17: =IF(AND(Input02!BY15<>"",I$7<>""),Input02!BY15,"") | J17: =IF(AND(Input02!BZ15<>"",J$7<>""),Input02!BZ15,"") | K17: =IF(AND(Input02!CA15<>"",K$7<>""),Input02!CA15,"") | L17: =IF(AND(Input02!CB15<>"",L$7<>""),Input02!CB15,"") | M17: =IF(AND(Input02!CC15<>"",M$7<>""),Input02!CC15,"") | ... O17: =IF(AND(Input02!CE15<>"",O$7<>""),Input02!CE15,"") | P17: =F17&G17&H17&I17&J17&K17&L17&M17&N17&O17 | Q17: =IF(P17<>"",SUM(F17:O17),"") | S17: =IF(Input02!B15="","",IF(C17<>"",C17,0)) -> 0 | T17: =IF(Input02!B15="","",IF(process04!AB17<>"",process04!AB17,0)) -> 0 | U17: =IF(Input02!B15="","",IF(Q17<>"",(Q17/$Q$2)*Input01!$B$22,0)) -> 0 | W17: =IF(AND(B17="",Q17=""),"",IF(AND($C$2=0,$Q$2=0),"",IF($C$2=0,Q17,IF($Q$2=0,B17,B17+Q17)))) | X17: =IF(W17="","",S17*$S$2+T17*$T$2+U17*$U$2) | Y17: =IF(X17="","",IF(X17>$AM$2,$AL$1,IF(X17>$AN$2,$AM$1,IF(X17>$AO$2,$AN$1,IF(X17>$AP$2,$AO$1,IF(X17>$AQ$2,$AP$1,IF(X17>$AR$2,$AQ$1,IF(X17>$AS$2,$AR$1,IF(X17>$AT$2,$AS$1,IF(X17>$AU$2,$AT$1,$AU$1)))))))))) | Z17: =IF(X17="","",IF(X17<Input01!$B$23,0,1)) | AA17: =IF(F17="","",$Q17-F17) | AB17: =IF(G17="","",$Q17-G17) | AC17: =IF(H17="","",$Q17-H17) | AD17: =IF(I17="","",$Q17-I17) | AE17: =IF(J17="","",$Q17-J17) | AF17: =IF(K17="","",$Q17-K17) | AG17: =IF(L17="","",$Q17-L17) | AH17: =IF(M17="","",$Q17-M17) | ... AJ17: =IF(O17="","",$Q17-O17) | AL17: =IF(F17="","",IF(AND(F17/F$7<=process02!$F$13,$Z17=0),AL$4,"")) | AM17: =IF(G17="","",IF(AND(G17/G$7<=process02!$F$13,$Z17=0),AM$4,"")) | AN17: =IF(H17="","",IF(AND(H17/H$7<=process02!$F$13,$Z17=0),AN$4,"")) | AO17: =IF(I17="","",IF(AND(I17/I$7<=process02!$F$13,$Z17=0),AO$4,"")) | AP17: =IF(J17="","",IF(AND(J17/J$7<=process02!$F$13,$Z17=0),AP$4,"")) | AQ17: =IF(K17="","",IF(AND(K17/K$7<=process02!$F$13,$Z17=0),AQ$4,"")) | AR17: =IF(L17="","",IF(AND(L17/L$7<=process02!$F$13,$Z17=0),AR$4,"")) | AS17: =IF(M17="","",IF(AND(M17/M$7<=process02!$F$13,$Z17=0),AS$4,"")) | ... AU17: =IF(O17="","",IF(AND(O17/O$7<=process02!$F$13,$Z17=0),AU$4,"")) | AW17: =AL17&AM17&AN17&AO17&AP17&AQ17&AR17&AS17&AT17&AU17 | AY17: =IF(AL17="","",Input02!$B15&"; ") | AZ17: =IF(AM17="","",Input02!$B15&"; ") | BA17: =IF(AN17="","",Input02!$B15&"; ") | BB17: =IF(AO17="","",Input02!$B15&"; ") | BC17: =IF(AP17="","",Input02!$B15&"; ") | BD17: =IF(AQ17="","",Input02!$B15&"; ") | BE17: =IF(AR17="","",Input02!$B15&"; ") | BF17: =IF(AS17="","",Input02!$B15&"; ") | ... BH17: =IF(AU17="","",Input02!$B15&"; ")
A18: 11 | B18: =process02!DF27 | C18: =IF(B18<>"",(B18/$C$2)*Input01!$B$22,"") | F18: =IF(AND(Input02!BV16<>"",F$7<>""),Input02!BV16,"") | G18: =IF(AND(Input02!BW16<>"",G$7<>""),Input02!BW16,"") | H18: =IF(AND(Input02!BX16<>"",H$7<>""),Input02!BX16,"") | I18: =IF(AND(Input02!BY16<>"",I$7<>""),Input02!BY16,"") | J18: =IF(AND(Input02!BZ16<>"",J$7<>""),Input02!BZ16,"") | K18: =IF(AND(Input02!CA16<>"",K$7<>""),Input02!CA16,"") | L18: =IF(AND(Input02!CB16<>"",L$7<>""),Input02!CB16,"") | M18: =IF(AND(Input02!CC16<>"",M$7<>""),Input02!CC16,"") | ... O18: =IF(AND(Input02!CE16<>"",O$7<>""),Input02!CE16,"") | P18: =F18&G18&H18&I18&J18&K18&L18&M18&N18&O18 | Q18: =IF(P18<>"",SUM(F18:O18),"") | S18: =IF(Input02!B16="","",IF(C18<>"",C18,0)) -> 0 | T18: =IF(Input02!B16="","",IF(process04!AB18<>"",process04!AB18,0)) -> 0 | U18: =IF(Input02!B16="","",IF(Q18<>"",(Q18/$Q$2)*Input01!$B$22,0)) -> 0 | W18: =IF(AND(B18="",Q18=""),"",IF(AND($C$2=0,$Q$2=0),"",IF($C$2=0,Q18,IF($Q$2=0,B18,B18+Q18)))) | X18: =IF(W18="","",S18*$S$2+T18*$T$2+U18*$U$2) | Y18: =IF(X18="","",IF(X18>$AM$2,$AL$1,IF(X18>$AN$2,$AM$1,IF(X18>$AO$2,$AN$1,IF(X18>$AP$2,$AO$1,IF(X18>$AQ$2,$AP$1,IF(X18>$AR$2,$AQ$1,IF(X18>$AS$2,$AR$1,IF(X18>$AT$2,$AS$1,IF(X18>$AU$2,$AT$1,$AU$1)))))))))) | Z18: =IF(X18="","",IF(X18<Input01!$B$23,0,1)) | AA18: =IF(F18="","",$Q18-F18) | AB18: =IF(G18="","",$Q18-G18) | AC18: =IF(H18="","",$Q18-H18) | AD18: =IF(I18="","",$Q18-I18) | AE18: =IF(J18="","",$Q18-J18) | AF18: =IF(K18="","",$Q18-K18) | AG18: =IF(L18="","",$Q18-L18) | AH18: =IF(M18="","",$Q18-M18) | ... AJ18: =IF(O18="","",$Q18-O18) | AL18: =IF(F18="","",IF(AND(F18/F$7<=process02!$F$13,$Z18=0),AL$4,"")) | AM18: =IF(G18="","",IF(AND(G18/G$7<=process02!$F$13,$Z18=0),AM$4,"")) | AN18: =IF(H18="","",IF(AND(H18/H$7<=process02!$F$13,$Z18=0),AN$4,"")) | AO18: =IF(I18="","",IF(AND(I18/I$7<=process02!$F$13,$Z18=0),AO$4,"")) | AP18: =IF(J18="","",IF(AND(J18/J$7<=process02!$F$13,$Z18=0),AP$4,"")) | AQ18: =IF(K18="","",IF(AND(K18/K$7<=process02!$F$13,$Z18=0),AQ$4,"")) | AR18: =IF(L18="","",IF(AND(L18/L$7<=process02!$F$13,$Z18=0),AR$4,"")) | AS18: =IF(M18="","",IF(AND(M18/M$7<=process02!$F$13,$Z18=0),AS$4,"")) | ... AU18: =IF(O18="","",IF(AND(O18/O$7<=process02!$F$13,$Z18=0),AU$4,"")) | AW18: =AL18&AM18&AN18&AO18&AP18&AQ18&AR18&AS18&AT18&AU18 | AY18: =IF(AL18="","",Input02!$B16&"; ") | AZ18: =IF(AM18="","",Input02!$B16&"; ") | BA18: =IF(AN18="","",Input02!$B16&"; ") | BB18: =IF(AO18="","",Input02!$B16&"; ") | BC18: =IF(AP18="","",Input02!$B16&"; ") | BD18: =IF(AQ18="","",Input02!$B16&"; ") | BE18: =IF(AR18="","",Input02!$B16&"; ") | BF18: =IF(AS18="","",Input02!$B16&"; ") | ... BH18: =IF(AU18="","",Input02!$B16&"; ")
A19: 12 | B19: =process02!DF28 | C19: =IF(B19<>"",(B19/$C$2)*Input01!$B$22,"") | F19: =IF(AND(Input02!BV17<>"",F$7<>""),Input02!BV17,"") | G19: =IF(AND(Input02!BW17<>"",G$7<>""),Input02!BW17,"") | H19: =IF(AND(Input02!BX17<>"",H$7<>""),Input02!BX17,"") | I19: =IF(AND(Input02!BY17<>"",I$7<>""),Input02!BY17,"") | J19: =IF(AND(Input02!BZ17<>"",J$7<>""),Input02!BZ17,"") | K19: =IF(AND(Input02!CA17<>"",K$7<>""),Input02!CA17,"") | L19: =IF(AND(Input02!CB17<>"",L$7<>""),Input02!CB17,"") | M19: =IF(AND(Input02!CC17<>"",M$7<>""),Input02!CC17,"") | ... O19: =IF(AND(Input02!CE17<>"",O$7<>""),Input02!CE17,"") | P19: =F19&G19&H19&I19&J19&K19&L19&M19&N19&O19 | Q19: =IF(P19<>"",SUM(F19:O19),"") | S19: =IF(Input02!B17="","",IF(C19<>"",C19,0)) -> 0 | T19: =IF(Input02!B17="","",IF(process04!AB19<>"",process04!AB19,0)) -> 0 | U19: =IF(Input02!B17="","",IF(Q19<>"",(Q19/$Q$2)*Input01!$B$22,0)) -> 0 | W19: =IF(AND(B19="",Q19=""),"",IF(AND($C$2=0,$Q$2=0),"",IF($C$2=0,Q19,IF($Q$2=0,B19,B19+Q19)))) | X19: =IF(W19="","",S19*$S$2+T19*$T$2+U19*$U$2) | Y19: =IF(X19="","",IF(X19>$AM$2,$AL$1,IF(X19>$AN$2,$AM$1,IF(X19>$AO$2,$AN$1,IF(X19>$AP$2,$AO$1,IF(X19>$AQ$2,$AP$1,IF(X19>$AR$2,$AQ$1,IF(X19>$AS$2,$AR$1,IF(X19>$AT$2,$AS$1,IF(X19>$AU$2,$AT$1,$AU$1)))))))))) | Z19: =IF(X19="","",IF(X19<Input01!$B$23,0,1)) | AA19: =IF(F19="","",$Q19-F19) | AB19: =IF(G19="","",$Q19-G19) | AC19: =IF(H19="","",$Q19-H19) | AD19: =IF(I19="","",$Q19-I19) | AE19: =IF(J19="","",$Q19-J19) | AF19: =IF(K19="","",$Q19-K19) | AG19: =IF(L19="","",$Q19-L19) | AH19: =IF(M19="","",$Q19-M19) | ... AJ19: =IF(O19="","",$Q19-O19) | AL19: =IF(F19="","",IF(AND(F19/F$7<=process02!$F$13,$Z19=0),AL$4,"")) | AM19: =IF(G19="","",IF(AND(G19/G$7<=process02!$F$13,$Z19=0),AM$4,"")) | AN19: =IF(H19="","",IF(AND(H19/H$7<=process02!$F$13,$Z19=0),AN$4,"")) | AO19: =IF(I19="","",IF(AND(I19/I$7<=process02!$F$13,$Z19=0),AO$4,"")) | AP19: =IF(J19="","",IF(AND(J19/J$7<=process02!$F$13,$Z19=0),AP$4,"")) | AQ19: =IF(K19="","",IF(AND(K19/K$7<=process02!$F$13,$Z19=0),AQ$4,"")) | AR19: =IF(L19="","",IF(AND(L19/L$7<=process02!$F$13,$Z19=0),AR$4,"")) | AS19: =IF(M19="","",IF(AND(M19/M$7<=process02!$F$13,$Z19=0),AS$4,"")) | ... AU19: =IF(O19="","",IF(AND(O19/O$7<=process02!$F$13,$Z19=0),AU$4,"")) | AW19: =AL19&AM19&AN19&AO19&AP19&AQ19&AR19&AS19&AT19&AU19 | AY19: =IF(AL19="","",Input02!$B17&"; ") | AZ19: =IF(AM19="","",Input02!$B17&"; ") | BA19: =IF(AN19="","",Input02!$B17&"; ") | BB19: =IF(AO19="","",Input02!$B17&"; ") | BC19: =IF(AP19="","",Input02!$B17&"; ") | BD19: =IF(AQ19="","",Input02!$B17&"; ") | BE19: =IF(AR19="","",Input02!$B17&"; ") | BF19: =IF(AS19="","",Input02!$B17&"; ") | ... BH19: =IF(AU19="","",Input02!$B17&"; ")
... A207: 200 | B207: =process02!DF216 | C207: =IF(B207<>"",(B207/$C$2)*Input01!$B$22,"") | F207: =IF(AND(Input02!BV205<>"",F$7<>""),Input02!BV205,"") | G207: =IF(AND(Input02!BW205<>"",G$7<>""),Input02!BW205,"") | H207: =IF(AND(Input02!BX205<>"",H$7<>""),Input02!BX205,"") | I207: =IF(AND(Input02!BY205<>"",I$7<>""),Input02!BY205,"") | J207: =IF(AND(Input02!BZ205<>"",J$7<>""),Input02!BZ205,"") | K207: =IF(AND(Input02!CA205<>"",K$7<>""),Input02!CA205,"") | L207: =IF(AND(Input02!CB205<>"",L$7<>""),Input02!CB205,"") | M207: =IF(AND(Input02!CC205<>"",M$7<>""),Input02!CC205,"") | ... O207: =IF(AND(Input02!CE205<>"",O$7<>""),Input02!CE205,"") | P207: =F207&G207&H207&I207&J207&K207&L207&M207&N207&O207 | Q207: =IF(P207<>"",SUM(F207:O207),"") | S207: =IF(Input02!B205="","",IF(C207<>"",C207,0)) | T207: =IF(Input02!B205="","",IF(process04!AB207<>"",process04!AB207,0)) | U207: =IF(Input02!B205="","",IF(Q207<>"",(Q207/$Q$2)*Input01!$B$22,0)) | W207: =IF(AND(B207="",Q207=""),"",IF(AND($C$2=0,$Q$2=0),"",IF($C$2=0,Q207,IF($Q$2=0,B207,B207+Q207)))) | X207: =IF(W207="","",S207*$S$2+T207*$T$2+U207*$U$2) | Y207: =IF(X207="","",IF(X207>$AM$2,$AL$1,IF(X207>$AN$2,$AM$1,IF(X207>$AO$2,$AN$1,IF(X207>$AP$2,$AO$1,IF(X207>$AQ$2,$AP$1,IF(X207>$AR$2,$AQ$1,IF(X207>$AS$2,$AR$1,IF(X207>$AT$2,$AS$1,IF(X207>$AU$2,$AT$1,$AU$1)))))))))) | Z207: =IF(X207="","",IF(X207<Input01!$B$23,0,1)) | AA207: =IF(F207="","",$Q207-F207) | AB207: =IF(G207="","",$Q207-G207) | AC207: =IF(H207="","",$Q207-H207) | AD207: =IF(I207="","",$Q207-I207) | AE207: =IF(J207="","",$Q207-J207) | AF207: =IF(K207="","",$Q207-K207) | AG207: =IF(L207="","",$Q207-L207) | AH207: =IF(M207="","",$Q207-M207) | ... AJ207: =IF(O207="","",$Q207-O207) | AL207: =IF(F207="","",IF(AND(F207/F$7<=process02!$F$13,$Z207=0),AL$4,"")) | AM207: =IF(G207="","",IF(AND(G207/G$7<=process02!$F$13,$Z207=0),AM$4,"")) | AN207: =IF(H207="","",IF(AND(H207/H$7<=process02!$F$13,$Z207=0),AN$4,"")) | AO207: =IF(I207="","",IF(AND(I207/I$7<=process02!$F$13,$Z207=0),AO$4,"")) | AP207: =IF(J207="","",IF(AND(J207/J$7<=process02!$F$13,$Z207=0),AP$4,"")) | AQ207: =IF(K207="","",IF(AND(K207/K$7<=process02!$F$13,$Z207=0),AQ$4,"")) | AR207: =IF(L207="","",IF(AND(L207/L$7<=process02!$F$13,$Z207=0),AR$4,"")) | AS207: =IF(M207="","",IF(AND(M207/M$7<=process02!$F$13,$Z207=0),AS$4,"")) | ... AU207: =IF(O207="","",IF(AND(O207/O$7<=process02!$F$13,$Z207=0),AU$4,"")) | AW207: =AL207&AM207&AN207&AO207&AP207&AQ207&AR207&AS207&AT207&AU207 | AY207: =IF(AL207="","",Input02!$B205&"; ") | AZ207: =IF(AM207="","",Input02!$B205&"; ") | BA207: =IF(AN207="","",Input02!$B205&"; ") | BB207: =IF(AO207="","",Input02!$B205&"; ") | BC207: =IF(AP207="","",Input02!$B205&"; ") | BD207: =IF(AQ207="","",Input02!$B205&"; ") | BE207: =IF(AR207="","",Input02!$B205&"; ") | BF207: =IF(AS207="","",Input02!$B205&"; ") | ... BH207: =IF(AU207="","",Input02!$B205&"; ")
AY208: =IF(AL208="","",Input02!$B56&"; ") | AZ208: =IF(AM208="","",Input02!$B56&"; ") | BA208: =IF(AN208="","",Input02!$B56&"; ") | BB208: =IF(AO208="","",Input02!$B56&"; ") | BC208: =IF(AP208="","",Input02!$B56&"; ") | BD208: =IF(AQ208="","",Input02!$B56&"; ") | BE208: =IF(AR208="","",Input02!$B56&"; ") | BF208: =IF(AS208="","",Input02!$B56&"; ") | ... BH208: =IF(AU208="","",Input02!$B56&"; ")
F209: =SUM(F8:F208) -> 0 | G209: =SUM(G8:G208) -> 0 | H209: =SUM(H8:H208) -> 0 | I209: =SUM(I8:I208) -> 0 | J209: =SUM(J8:J208) -> 0 | K209: =SUM(K8:K208) -> 0 | L209: =SUM(L8:L208) -> 0 | M209: =SUM(M8:M208) -> 0 | ... O209: =SUM(O8:O208) -> 0 | Q209: =SUM(Q8:Q208) -> 0 | U209: =SUM(U8:U208) -> 0 | X209: =SUM(X8:X208) -> 428.57143 | AL209: =IF(F221<process02!$F$11,process01!AL$4,"") | AM209: =IF(G221<process02!$F$11,process01!AM$4,"") | AN209: =IF(H221<process02!$F$11,process01!AN$4,"") | AO209: =IF(I221<process02!$F$11,process01!AO$4,"") | AP209: =IF(J221<process02!$F$11,process01!AP$4,"") | AQ209: =IF(K221<process02!$F$11,process01!AQ$4,"") | AR209: =IF(L221<process02!$F$11,process01!AR$4,"") | AS209: =IF(M221<process02!$F$11,process01!AS$4,"") | ... AU209: =IF(O221<process02!$F$11,process01!AU$4,"") | AW209: =AL209&AM209&AN209&AO209&AP209&AQ209&AR209&AS209&AT209&AU209 | AY209: =IF(AL209="","",Input02!$B57&"; ") | AZ209: =IF(AM209="","",Input02!$B57&"; ") | BA209: =IF(AN209="","",Input02!$B57&"; ") | BB209: =IF(AO209="","",Input02!$B57&"; ") | BC209: =IF(AP209="","",Input02!$B57&"; ") | BD209: =IF(AQ209="","",Input02!$B57&"; ") | BE209: =IF(AR209="","",Input02!$B57&"; ") | BF209: =IF(AS209="","",Input02!$B57&"; ") | ... BH209: =IF(AU209="","",Input02!$B57&"; ")
F210: =MIN(F8:F209) -> 0 | G210: =MIN(G8:G209) -> 0 | H210: =MIN(H8:H209) -> 0 | I210: =MIN(I8:I209) -> 0 | J210: =MIN(J8:J209) -> 0 | K210: =MIN(K8:K209) -> 0 | L210: =MIN(L8:L209) -> 0 | M210: =MIN(M8:M209) -> 0 | ... O210: =MIN(O8:O209) -> 0 | Q210: =MIN(Q8:Q209) -> 0 | U210: =MIN(U8:U209) -> 0 | X210: =MIN(X8:X209) -> 208.57143 | AL210: 1 | AM210: 2 | AN210: 3 | AO210: 4 | AP210: 5 | AQ210: 6 | AR210: 7 | AS210: 8 | AT210: 9 | AU210: 10 | AY210: 1 | AZ210: 2 | BA210: 3 | BB210: 4 | BC210: 5 | BD210: 6 | BE210: 7 | BF210: 8 | BG210: 9 | BH210: 10
F211: =MAX(F8:F208) -> 0 | G211: =MAX(G8:G208) -> 0 | H211: =MAX(H8:H208) -> 0 | I211: =MAX(I8:I208) -> 0 | J211: =MAX(J8:J208) -> 0 | K211: =MAX(K8:K208) -> 0 | L211: =MAX(L8:L208) -> 0 | M211: =MAX(M8:M208) -> 0 | ... O211: =MAX(O8:O208) -> 0 | Q211: =MAX(Q8:Q208) -> 0 | U211: =MAX(U8:U208) -> 0 | X211: =MAX(X8:X208) -> 220 | AL211: =AL8&AL9&AL10&AL11&AL12&AL13&AL14&AL15&AL16&AL17&AL18&AL19&AL20&AL21&AL22&AL23&AL24&AL25&AL26&AL27&AL28&AL29&AL30&AL31&AL32&AL33&AL34&AL35&AL36&AL37&AL38&AL39&AL40&AL41&AL42&AL43&AL44&AL45&AL46&AL47&AL48&AL49&AL50&AL51&AL52&AL53&AL54&AL55&AL56&AL207 | AM211: =AM8&AM9&AM10&AM11&AM12&AM13&AM14&AM15&AM16&AM17&AM18&AM19&AM20&AM21&AM22&AM23&AM24&AM25&AM26&AM27&AM28&AM29&AM30&AM31&AM32&AM33&AM34&AM35&AM36&AM37&AM38&AM39&AM40&AM41&AM42&AM43&AM44&AM45&AM46&AM47&AM48&AM49&AM50&AM51&AM52&AM53&AM54&AM55&AM56&AM207 | AN211: =AN8&AN9&AN10&AN11&AN12&AN13&AN14&AN15&AN16&AN17&AN18&AN19&AN20&AN21&AN22&AN23&AN24&AN25&AN26&AN27&AN28&AN29&AN30&AN31&AN32&AN33&AN34&AN35&AN36&AN37&AN38&AN39&AN40&AN41&AN42&AN43&AN44&AN45&AN46&AN47&AN48&AN49&AN50&AN51&AN52&AN53&AN54&AN55&AN56&AN207 | AO211: =AO8&AO9&AO10&AO11&AO12&AO13&AO14&AO15&AO16&AO17&AO18&AO19&AO20&AO21&AO22&AO23&AO24&AO25&AO26&AO27&AO28&AO29&AO30&AO31&AO32&AO33&AO34&AO35&AO36&AO37&AO38&AO39&AO40&AO41&AO42&AO43&AO44&AO45&AO46&AO47&AO48&AO49&AO50&AO51&AO52&AO53&AO54&AO55&AO56&AO207 | AP211: =AP8&AP9&AP10&AP11&AP12&AP13&AP14&AP15&AP16&AP17&AP18&AP19&AP20&AP21&AP22&AP23&AP24&AP25&AP26&AP27&AP28&AP29&AP30&AP31&AP32&AP33&AP34&AP35&AP36&AP37&AP38&AP39&AP40&AP41&AP42&AP43&AP44&AP45&AP46&AP47&AP48&AP49&AP50&AP51&AP52&AP53&AP54&AP55&AP56&AP207 | AQ211: =AQ8&AQ9&AQ10&AQ11&AQ12&AQ13&AQ14&AQ15&AQ16&AQ17&AQ18&AQ19&AQ20&AQ21&AQ22&AQ23&AQ24&AQ25&AQ26&AQ27&AQ28&AQ29&AQ30&AQ31&AQ32&AQ33&AQ34&AQ35&AQ36&AQ37&AQ38&AQ39&AQ40&AQ41&AQ42&AQ43&AQ44&AQ45&AQ46&AQ47&AQ48&AQ49&AQ50&AQ51&AQ52&AQ53&AQ54&AQ55&AQ56&AQ207 | AR211: =AR8&AR9&AR10&AR11&AR12&AR13&AR14&AR15&AR16&AR17&AR18&AR19&AR20&AR21&AR22&AR23&AR24&AR25&AR26&AR27&AR28&AR29&AR30&AR31&AR32&AR33&AR34&AR35&AR36&AR37&AR38&AR39&AR40&AR41&AR42&AR43&AR44&AR45&AR46&AR47&AR48&AR49&AR50&AR51&AR52&AR53&AR54&AR55&AR56&AR207 | AS211: =AS8&AS9&AS10&AS11&AS12&AS13&AS14&AS15&AS16&AS17&AS18&AS19&AS20&AS21&AS22&AS23&AS24&AS25&AS26&AS27&AS28&AS29&AS30&AS31&AS32&AS33&AS34&AS35&AS36&AS37&AS38&AS39&AS40&AS41&AS42&AS43&AS44&AS45&AS46&AS47&AS48&AS49&AS50&AS51&AS52&AS53&AS54&AS55&AS56&AS207 | ... AU211: =AU8&AU9&AU10&AU11&AU12&AU13&AU14&AU15&AU16&AU17&AU18&AU19&AU20&AU21&AU22&AU23&AU24&AU25&AU26&AU27&AU28&AU29&AU30&AU31&AU32&AU33&AU34&AU35&AU36&AU37&AU38&AU39&AU40&AU41&AU42&AU43&AU44&AU45&AU46&AU47&AU48&AU49&AU50&AU51&AU52&AU53&AU54&AU55&AU56&AU207 | AY211: =AY8&AY9&AY10&AY11&AY12&AY13&AY14&AY15&AY16&AY17&AY18&AY19&AY20&AY21&AY22&AY23&AY24&AY25&AY26&AY27&AY28&AY29&AY30&AY31&AY32&AY33&AY34&AY35&AY36&AY37&AY38&AY39&AY40&AY41&AY42&AY43&AY44&AY45&AY46&AY47&AY48&AY49&AY50&AY51&AY52&AY53&AY54&AY55&AY56&AY57&AY58&AY59&AY60&AY61&AY62&AY63&AY64&AY65&AY66&AY67&AY68&AY69&AY70&AY71&AY72&AY73&AY74&AY75&AY76&AY77&AY78&AY79&AY80&AY81&AY82&AY83&AY84&AY85&AY86&AY87&AY88&AY89&AY90&AY91&AY92&AY93&AY94&AY95&AY96&AY97&AY98&AY99&AY100&AY101&AY102&AY103&AY104&AY105&AY106&AY107&AY108&AY109&AY110&AY111&AY112&AY113&AY114&AY115&AY116&AY117&AY118&AY119&AY120&AY121&AY122&AY123&AY124&AY125&AY126&AY127&AY128&AY129&AY130&AY131&AY132&AY133&AY134&AY135&AY136&AY137&AY138&AY139&AY140&AY141&AY142&AY143&AY144&AY145&AY146&AY147&AY148&AY149&AY150&AY151&AY152&AY153&AY154&AY155&AY156&AY157&AY158&AY159&AY160&AY161&AY162&AY163&AY164&AY165&AY166&AY167&AY168&AY169&AY170&AY171&AY172&AY173&AY174&AY175&AY176&AY177&AY178&AY179&AY180&AY181&AY182&AY183&AY184&AY185&AY186&AY187&AY188&AY189&AY190&AY191&AY192&AY193&AY194&AY195&AY196&AY197&AY198&AY199&AY200&AY201&AY202&AY203&AY204&AY205&AY206&AY207 | AZ211: =AZ8&AZ9&AZ10&AZ11&AZ12&AZ13&AZ14&AZ15&AZ16&AZ17&AZ18&AZ19&AZ20&AZ21&AZ22&AZ23&AZ24&AZ25&AZ26&AZ27&AZ28&AZ29&AZ30&AZ31&AZ32&AZ33&AZ34&AZ35&AZ36&AZ37&AZ38&AZ39&AZ40&AZ41&AZ42&AZ43&AZ44&AZ45&AZ46&AZ47&AZ48&AZ49&AZ50&AZ51&AZ52&AZ53&AZ54&AZ55&AZ56&AZ57&AZ58&AZ59&AZ60&AZ61&AZ62&AZ63&AZ64&AZ65&AZ66&AZ67&AZ68&AZ69&AZ70&AZ71&AZ72&AZ73&AZ74&AZ75&AZ76&AZ77&AZ78&AZ79&AZ80&AZ81&AZ82&AZ83&AZ84&AZ85&AZ86&AZ87&AZ88&AZ89&AZ90&AZ91&AZ92&AZ93&AZ94&AZ95&AZ96&AZ97&AZ98&AZ99&AZ100&AZ101&AZ102&AZ103&AZ104&AZ105&AZ106&AZ107&AZ108&AZ109&AZ110&AZ111&AZ112&AZ113&AZ114&AZ115&AZ116&AZ117&AZ118&AZ119&AZ120&AZ121&AZ122&AZ123&AZ124&AZ125&AZ126&AZ127&AZ128&AZ129&AZ130&AZ131&AZ132&AZ133&AZ134&AZ135&AZ136&AZ137&AZ138&AZ139&AZ140&AZ141&AZ142&AZ143&AZ144&AZ145&AZ146&AZ147&AZ148&AZ149&AZ150&AZ151&AZ152&AZ153&AZ154&AZ155&AZ156&AZ157&AZ158&AZ159&AZ160&AZ161&AZ162&AZ163&AZ164&AZ165&AZ166&AZ167&AZ168&AZ169&AZ170&AZ171&AZ172&AZ173&AZ174&AZ175&AZ176&AZ177&AZ178&AZ179&AZ180&AZ181&AZ182&AZ183&AZ184&AZ185&AZ186&AZ187&AZ188&AZ189&AZ190&AZ191&AZ192&AZ193&AZ194&AZ195&AZ196&AZ197&AZ198&AZ199&AZ200&AZ201&AZ202&AZ203&AZ204&AZ205&AZ206&AZ207 | BA211: =BA8&BA9&BA10&BA11&BA12&BA13&BA14&BA15&BA16&BA17&BA18&BA19&BA20&BA21&BA22&BA23&BA24&BA25&BA26&BA27&BA28&BA29&BA30&BA31&BA32&BA33&BA34&BA35&BA36&BA37&BA38&BA39&BA40&BA41&BA42&BA43&BA44&BA45&BA46&BA47&BA48&BA49&BA50&BA51&BA52&BA53&BA54&BA55&BA56&BA57&BA58&BA59&BA60&BA61&BA62&BA63&BA64&BA65&BA66&BA67&BA68&BA69&BA70&BA71&BA72&BA73&BA74&BA75&BA76&BA77&BA78&BA79&BA80&BA81&BA82&BA83&BA84&BA85&BA86&BA87&BA88&BA89&BA90&BA91&BA92&BA93&BA94&BA95&BA96&BA97&BA98&BA99&BA100&BA101&BA102&BA103&BA104&BA105&BA106&BA107&BA108&BA109&BA110&BA111&BA112&BA113&BA114&BA115&BA116&BA117&BA118&BA119&BA120&BA121&BA122&BA123&BA124&BA125&BA126&BA127&BA128&BA129&BA130&BA131&BA132&BA133&BA134&BA135&BA136&BA137&BA138&BA139&BA140&BA141&BA142&BA143&BA144&BA145&BA146&BA147&BA148&BA149&BA150&BA151&BA152&BA153&BA154&BA155&BA156&BA157&BA158&BA159&BA160&BA161&BA162&BA163&BA164&BA165&BA166&BA167&BA168&BA169&BA170&BA171&BA172&BA173&BA174&BA175&BA176&BA177&BA178&BA179&BA180&BA181&BA182&BA183&BA184&BA185&BA186&BA187&BA188&BA189&BA190&BA191&BA192&BA193&BA194&BA195&BA196&BA197&BA198&BA199&BA200&BA201&BA202&BA203&BA204&BA205&BA206&BA207 | BB211: =BB8&BB9&BB10&BB11&BB12&BB13&BB14&BB15&BB16&BB17&BB18&BB19&BB20&BB21&BB22&BB23&BB24&BB25&BB26&BB27&BB28&BB29&BB30&BB31&BB32&BB33&BB34&BB35&BB36&BB37&BB38&BB39&BB40&BB41&BB42&BB43&BB44&BB45&BB46&BB47&BB48&BB49&BB50&BB51&BB52&BB53&BB54&BB55&BB56&BB57&BB58&BB59&BB60&BB61&BB62&BB63&BB64&BB65&BB66&BB67&BB68&BB69&BB70&BB71&BB72&BB73&BB74&BB75&BB76&BB77&BB78&BB79&BB80&BB81&BB82&BB83&BB84&BB85&BB86&BB87&BB88&BB89&BB90&BB91&BB92&BB93&BB94&BB95&BB96&BB97&BB98&BB99&BB100&BB101&BB102&BB103&BB104&BB105&BB106&BB107&BB108&BB109&BB110&BB111&BB112&BB113&BB114&BB115&BB116&BB117&BB118&BB119&BB120&BB121&BB122&BB123&BB124&BB125&BB126&BB127&BB128&BB129&BB130&BB131&BB132&BB133&BB134&BB135&BB136&BB137&BB138&BB139&BB140&BB141&BB142&BB143&BB144&BB145&BB146&BB147&BB148&BB149&BB150&BB151&BB152&BB153&BB154&BB155&BB156&BB157&BB158&BB159&BB160&BB161&BB162&BB163&BB164&BB165&BB166&BB167&BB168&BB169&BB170&BB171&BB172&BB173&BB174&BB175&BB176&BB177&BB178&BB179&BB180&BB181&BB182&BB183&BB184&BB185&BB186&BB187&BB188&BB189&BB190&BB191&BB192&BB193&BB194&BB195&BB196&BB197&BB198&BB199&BB200&BB201&BB202&BB203&BB204&BB205&BB206&BB207 | BC211: =BC8&BC9&BC10&BC11&BC12&BC13&BC14&BC15&BC16&BC17&BC18&BC19&BC20&BC21&BC22&BC23&BC24&BC25&BC26&BC27&BC28&BC29&BC30&BC31&BC32&BC33&BC34&BC35&BC36&BC37&BC38&BC39&BC40&BC41&BC42&BC43&BC44&BC45&BC46&BC47&BC48&BC49&BC50&BC51&BC52&BC53&BC54&BC55&BC56&BC57&BC58&BC59&BC60&BC61&BC62&BC63&BC64&BC65&BC66&BC67&BC68&BC69&BC70&BC71&BC72&BC73&BC74&BC75&BC76&BC77&BC78&BC79&BC80&BC81&BC82&BC83&BC84&BC85&BC86&BC87&BC88&BC89&BC90&BC91&BC92&BC93&BC94&BC95&BC96&BC97&BC98&BC99&BC100&BC101&BC102&BC103&BC104&BC105&BC106&BC107&BC108&BC109&BC110&BC111&BC112&BC113&BC114&BC115&BC116&BC117&BC118&BC119&BC120&BC121&BC122&BC123&BC124&BC125&BC126&BC127&BC128&BC129&BC130&BC131&BC132&BC133&BC134&BC135&BC136&BC137&BC138&BC139&BC140&BC141&BC142&BC143&BC144&BC145&BC146&BC147&BC148&BC149&BC150&BC151&BC152&BC153&BC154&BC155&BC156&BC157&BC158&BC159&BC160&BC161&BC162&BC163&BC164&BC165&BC166&BC167&BC168&BC169&BC170&BC171&BC172&BC173&BC174&BC175&BC176&BC177&BC178&BC179&BC180&BC181&BC182&BC183&BC184&BC185&BC186&BC187&BC188&BC189&BC190&BC191&BC192&BC193&BC194&BC195&BC196&BC197&BC198&BC199&BC200&BC201&BC202&BC203&BC204&BC205&BC206&BC207 | BD211: =BD8&BD9&BD10&BD11&BD12&BD13&BD14&BD15&BD16&BD17&BD18&BD19&BD20&BD21&BD22&BD23&BD24&BD25&BD26&BD27&BD28&BD29&BD30&BD31&BD32&BD33&BD34&BD35&BD36&BD37&BD38&BD39&BD40&BD41&BD42&BD43&BD44&BD45&BD46&BD47&BD48&BD49&BD50&BD51&BD52&BD53&BD54&BD55&BD56&BD57&BD58&BD59&BD60&BD61&BD62&BD63&BD64&BD65&BD66&BD67&BD68&BD69&BD70&BD71&BD72&BD73&BD74&BD75&BD76&BD77&BD78&BD79&BD80&BD81&BD82&BD83&BD84&BD85&BD86&BD87&BD88&BD89&BD90&BD91&BD92&BD93&BD94&BD95&BD96&BD97&BD98&BD99&BD100&BD101&BD102&BD103&BD104&BD105&BD106&BD107&BD108&BD109&BD110&BD111&BD112&BD113&BD114&BD115&BD116&BD117&BD118&BD119&BD120&BD121&BD122&BD123&BD124&BD125&BD126&BD127&BD128&BD129&BD130&BD131&BD132&BD133&BD134&BD135&BD136&BD137&BD138&BD139&BD140&BD141&BD142&BD143&BD144&BD145&BD146&BD147&BD148&BD149&BD150&BD151&BD152&BD153&BD154&BD155&BD156&BD157&BD158&BD159&BD160&BD161&BD162&BD163&BD164&BD165&BD166&BD167&BD168&BD169&BD170&BD171&BD172&BD173&BD174&BD175&BD176&BD177&BD178&BD179&BD180&BD181&BD182&BD183&BD184&BD185&BD186&BD187&BD188&BD189&BD190&BD191&BD192&BD193&BD194&BD195&BD196&BD197&BD198&BD199&BD200&BD201&BD202&BD203&BD204&BD205&BD206&BD207 | BE211: =BE8&BE9&BE10&BE11&BE12&BE13&BE14&BE15&BE16&BE17&BE18&BE19&BE20&BE21&BE22&BE23&BE24&BE25&BE26&BE27&BE28&BE29&BE30&BE31&BE32&BE33&BE34&BE35&BE36&BE37&BE38&BE39&BE40&BE41&BE42&BE43&BE44&BE45&BE46&BE47&BE48&BE49&BE50&BE51&BE52&BE53&BE54&BE55&BE56&BE57&BE58&BE59&BE60&BE61&BE62&BE63&BE64&BE65&BE66&BE67&BE68&BE69&BE70&BE71&BE72&BE73&BE74&BE75&BE76&BE77&BE78&BE79&BE80&BE81&BE82&BE83&BE84&BE85&BE86&BE87&BE88&BE89&BE90&BE91&BE92&BE93&BE94&BE95&BE96&BE97&BE98&BE99&BE100&BE101&BE102&BE103&BE104&BE105&BE106&BE107&BE108&BE109&BE110&BE111&BE112&BE113&BE114&BE115&BE116&BE117&BE118&BE119&BE120&BE121&BE122&BE123&BE124&BE125&BE126&BE127&BE128&BE129&BE130&BE131&BE132&BE133&BE134&BE135&BE136&BE137&BE138&BE139&BE140&BE141&BE142&BE143&BE144&BE145&BE146&BE147&BE148&BE149&BE150&BE151&BE152&BE153&BE154&BE155&BE156&BE157&BE158&BE159&BE160&BE161&BE162&BE163&BE164&BE165&BE166&BE167&BE168&BE169&BE170&BE171&BE172&BE173&BE174&BE175&BE176&BE177&BE178&BE179&BE180&BE181&BE182&BE183&BE184&BE185&BE186&BE187&BE188&BE189&BE190&BE191&BE192&BE193&BE194&BE195&BE196&BE197&BE198&BE199&BE200&BE201&BE202&BE203&BE204&BE205&BE206&BE207 | BF211: =BF8&BF9&BF10&BF11&BF12&BF13&BF14&BF15&BF16&BF17&BF18&BF19&BF20&BF21&BF22&BF23&BF24&BF25&BF26&BF27&BF28&BF29&BF30&BF31&BF32&BF33&BF34&BF35&BF36&BF37&BF38&BF39&BF40&BF41&BF42&BF43&BF44&BF45&BF46&BF47&BF48&BF49&BF50&BF51&BF52&BF53&BF54&BF55&BF56&BF57&BF58&BF59&BF60&BF61&BF62&BF63&BF64&BF65&BF66&BF67&BF68&BF69&BF70&BF71&BF72&BF73&BF74&BF75&BF76&BF77&BF78&BF79&BF80&BF81&BF82&BF83&BF84&BF85&BF86&BF87&BF88&BF89&BF90&BF91&BF92&BF93&BF94&BF95&BF96&BF97&BF98&BF99&BF100&BF101&BF102&BF103&BF104&BF105&BF106&BF107&BF108&BF109&BF110&BF111&BF112&BF113&BF114&BF115&BF116&BF117&BF118&BF119&BF120&BF121&BF122&BF123&BF124&BF125&BF126&BF127&BF128&BF129&BF130&BF131&BF132&BF133&BF134&BF135&BF136&BF137&BF138&BF139&BF140&BF141&BF142&BF143&BF144&BF145&BF146&BF147&BF148&BF149&BF150&BF151&BF152&BF153&BF154&BF155&BF156&BF157&BF158&BF159&BF160&BF161&BF162&BF163&BF164&BF165&BF166&BF167&BF168&BF169&BF170&BF171&BF172&BF173&BF174&BF175&BF176&BF177&BF178&BF179&BF180&BF181&BF182&BF183&BF184&BF185&BF186&BF187&BF188&BF189&BF190&BF191&BF192&BF193&BF194&BF195&BF196&BF197&BF198&BF199&BF200&BF201&BF202&BF203&BF204&BF205&BF206&BF207 | ... BH211: =BH8&BH9&BH10&BH11&BH12&BH13&BH14&BH15&BH16&BH17&BH18&BH19&BH20&BH21&BH22&BH23&BH24&BH25&BH26&BH27&BH28&BH29&BH30&BH31&BH32&BH33&BH34&BH35&BH36&BH37&BH38&BH39&BH40&BH41&BH42&BH43&BH44&BH45&BH46&BH47&BH48&BH49&BH50&BH51&BH52&BH53&BH54&BH55&BH56&BH57&BH58&BH59&BH60&BH61&BH62&BH63&BH64&BH65&BH66&BH67&BH68&BH69&BH70&BH71&BH72&BH73&BH74&BH75&BH76&BH77&BH78&BH79&BH80&BH81&BH82&BH83&BH84&BH85&BH86&BH87&BH88&BH89&BH90&BH91&BH92&BH93&BH94&BH95&BH96&BH97&BH98&BH99&BH100&BH101&BH102&BH103&BH104&BH105&BH106&BH107&BH108&BH109&BH110&BH111&BH112&BH113&BH114&BH115&BH116&BH117&BH118&BH119&BH120&BH121&BH122&BH123&BH124&BH125&BH126&BH127&BH128&BH129&BH130&BH131&BH132&BH133&BH134&BH135&BH136&BH137&BH138&BH139&BH140&BH141&BH142&BH143&BH144&BH145&BH146&BH147&BH148&BH149&BH150&BH151&BH152&BH153&BH154&BH155&BH156&BH157&BH158&BH159&BH160&BH161&BH162&BH163&BH164&BH165&BH166&BH167&BH168&BH169&BH170&BH171&BH172&BH173&BH174&BH175&BH176&BH177&BH178&BH179&BH180&BH181&BH182&BH183&BH184&BH185&BH186&BH187&BH188&BH189&BH190&BH191&BH192&BH193&BH194&BH195&BH196&BH197&BH198&BH199&BH200&BH201&BH202&BH203&BH204&BH205&BH206&BH207
F212: =AVERAGE(F8:F208) -> #DIV/0! | G212: =AVERAGE(G8:G208) -> #DIV/0! | H212: =AVERAGE(H8:H208) -> #DIV/0! | I212: =AVERAGE(I8:I208) -> #DIV/0! | J212: =AVERAGE(J8:J208) -> #DIV/0! | K212: =AVERAGE(K8:K208) -> #DIV/0! | L212: =AVERAGE(L8:L208) -> #DIV/0! | M212: =AVERAGE(M8:M208) -> #DIV/0! | ... O212: =AVERAGE(O8:O208) -> #DIV/0! | Q212: =AVERAGE(Q8:Q208) -> #DIV/0! | U212: =AVERAGE(U8:U208) -> 0 | X212: =AVERAGE(X8:X208) -> 214.28571 | AY212: =IF(AND(AY211="",AY7=""),"",IF(AY211="","Tidak Ada",AY211)) | AZ212: =IF(AND(AZ211="",AZ7=""),"",IF(AZ211="","Tidak Ada",AZ211)) | BA212: =IF(AND(BA211="",BA7=""),"",IF(BA211="","Tidak Ada",BA211)) | BB212: =IF(AND(BB211="",BB7=""),"",IF(BB211="","Tidak Ada",BB211)) | BC212: =IF(AND(BC211="",BC7=""),"",IF(BC211="","Tidak Ada",BC211)) | BD212: =IF(AND(BD211="",BD7=""),"",IF(BD211="","Tidak Ada",BD211)) | BE212: =IF(AND(BE211="",BE7=""),"",IF(BE211="","Tidak Ada",BE211)) | BF212: =IF(AND(BF211="",BF7=""),"",IF(BF211="","Tidak Ada",BF211)) | ... BH212: =IF(AND(BH211="",BH7=""),"",IF(BH211="","Tidak Ada",BH211))
F213: =STDEV(F8:F208) -> #DIV/0! | G213: =STDEV(G8:G208) -> #DIV/0! | H213: =STDEV(H8:H208) -> #DIV/0! | I213: =STDEV(I8:I208) -> #DIV/0! | J213: =STDEV(J8:J208) -> #DIV/0! | K213: =STDEV(K8:K208) -> #DIV/0! | L213: =STDEV(L8:L208) -> #DIV/0! | M213: =STDEV(M8:M208) -> #DIV/0! | ... O213: =STDEV(O8:O208) -> #DIV/0! | Q213: =STDEV(Q8:Q208) -> #DIV/0! | U213: =STDEV(U8:U208) -> 0 | X213: =STDEV(X8:X208) -> 8.0812204
B214: 1 | F214: 1 | G214: 2 | H214: 3 | I214: 4 | J214: 5 | K214: 6 | L214: 7 | M214: 8 | N214: 9 | O214: 10
B215: 2 | E215: Tingkat Kesukaran | F215: =F212/F7 -> #DIV/0! | G215: =G212/G7 -> #DIV/0! | H215: =H212/H7 -> #DIV/0! | I215: =I212/I7 -> #DIV/0! | J215: =J212/J7 -> #DIV/0! | K215: =K212/K7 -> #DIV/0! | L215: =L212/L7 -> #DIV/0! | M215: =M212/M7 -> #DIV/0! | ... O215: =O212/O7 -> #DIV/0!
B216: 3 | E216: Daya Beda | F216: =PEARSON(F8:F207,AA8:AA207) -> #DIV/0! | G216: =PEARSON(G8:G207,AB8:AB207) -> #DIV/0! | H216: =PEARSON(H8:H207,AC8:AC207) -> #DIV/0! | I216: =PEARSON(I8:I207,AD8:AD207) -> #DIV/0! | J216: =PEARSON(J8:J207,AE8:AE207) -> #DIV/0! | K216: =PEARSON(K8:K207,AF8:AF207) -> #DIV/0! | L216: =PEARSON(L8:L207,AG8:AG207) -> #DIV/0! | M216: =PEARSON(M8:M207,AH8:AH207) -> #DIV/0! | ... O216: =PEARSON(O8:O207,AJ8:AJ207) -> #DIV/0!
B217: 4
B218: 5 | E218: Tingkat Kesukaran | F218: =ISERR(F215) -> TRUE | G218: =ISERR(G215) -> TRUE | H218: =ISERR(H215) -> TRUE | I218: =ISERR(I215) -> TRUE | J218: =ISERR(J215) -> TRUE | K218: =ISERR(K215) -> TRUE | L218: =ISERR(L215) -> TRUE | M218: =ISERR(M215) -> TRUE | ... O218: =ISERR(O215) -> TRUE
B219: 6 | E219: Daya Beda | F219: =ISERR(F216) -> TRUE | G219: =ISERR(G216) -> TRUE | H219: =ISERR(H216) -> TRUE | I219: =ISERR(I216) -> TRUE | J219: =ISERR(J216) -> TRUE | K219: =ISERR(K216) -> TRUE | L219: =ISERR(L216) -> TRUE | M219: =ISERR(M216) -> TRUE | ... O219: =ISERR(O216) -> TRUE
B220: 7
B221: 8 | E221: Tingkat Kesukaran | F221: =IF(F218=TRUE,"-",F215) -> - | G221: =IF(G218=TRUE,"-",G215) -> - | H221: =IF(H218=TRUE,"-",H215) -> - | I221: =IF(I218=TRUE,"-",I215) -> - | J221: =IF(J218=TRUE,"-",J215) -> - | K221: =IF(K218=TRUE,"-",K215) -> - | L221: =IF(L218=TRUE,"-",L215) -> - | M221: =IF(M218=TRUE,"-",M215) -> - | ... O221: =IF(O218=TRUE,"-",O215) -> -
B222: 9 | E222: Daya Beda | F222: =IF(F6>$P$2,"-",IF(F219=TRUE,0,F216)) -> - | G222: =IF(G6>$P$2,"-",IF(G219=TRUE,0,G216)) -> - | H222: =IF(H6>$P$2,"-",IF(H219=TRUE,0,H216)) -> - | I222: =IF(I6>$P$2,"-",IF(I219=TRUE,0,I216)) -> - | J222: =IF(J6>$P$2,"-",IF(J219=TRUE,0,J216)) -> - | K222: =IF(K6>$P$2,"-",IF(K219=TRUE,0,K216)) -> - | L222: =IF(L6>$P$2,"-",IF(L219=TRUE,0,L216)) -> - | M222: =IF(M6>$P$2,"-",IF(M219=TRUE,0,M216)) -> - | ... O222: =IF(O6>$P$2,"-",IF(O219=TRUE,0,O216)) -> -
B223: 10
B224: 11 | E224: Kesimpulan Kesukaran | F224: =IF(F221="-","-",IF(F221>process02!$F$8,0,IF(F221<process02!$F$9,0,1))) -> - | G224: =IF(G221="-","-",IF(G221>process02!$F$8,0,IF(G221<process02!$F$9,0,1))) -> - | H224: =IF(H221="-","-",IF(H221>process02!$F$8,0,IF(H221<process02!$F$9,0,1))) -> - | I224: =IF(I221="-","-",IF(I221>process02!$F$8,0,IF(I221<process02!$F$9,0,1))) -> - | J224: =IF(J221="-","-",IF(J221>process02!$F$8,0,IF(J221<process02!$F$9,0,1))) -> - | K224: =IF(K221="-","-",IF(K221>process02!$F$8,0,IF(K221<process02!$F$9,0,1))) -> - | L224: =IF(L221="-","-",IF(L221>process02!$F$8,0,IF(L221<process02!$F$9,0,1))) -> - | M224: =IF(M221="-","-",IF(M221>process02!$F$8,0,IF(M221<process02!$F$9,0,1))) -> - | ... O224: =IF(O221="-","-",IF(O221>process02!$F$8,0,IF(O221<process02!$F$9,0,1))) -> -
B225: 12 | E225: Kesimpulan Daya Beda | F225: =IF(F222="-","-",IF(F222<process02!$F$5,0,IF(F222<process02!$F$4,1,2))) -> - | G225: =IF(G222="-","-",IF(G222<process02!$F$5,0,IF(G222<process02!$F$4,1,2))) -> - | H225: =IF(H222="-","-",IF(H222<process02!$F$5,0,IF(H222<process02!$F$4,1,2))) -> - | I225: =IF(I222="-","-",IF(I222<process02!$F$5,0,IF(I222<process02!$F$4,1,2))) -> - | J225: =IF(J222="-","-",IF(J222<process02!$F$5,0,IF(J222<process02!$F$4,1,2))) -> - | K225: =IF(K222="-","-",IF(K222<process02!$F$5,0,IF(K222<process02!$F$4,1,2))) -> - | L225: =IF(L222="-","-",IF(L222<process02!$F$5,0,IF(L222<process02!$F$4,1,2))) -> - | M225: =IF(M222="-","-",IF(M222<process02!$F$5,0,IF(M222<process02!$F$4,1,2))) -> - | ... O225: =IF(O222="-","-",IF(O222<process02!$F$5,0,IF(O222<process02!$F$4,1,2))) -> -
B226: 13 | E226: Kesimpulan Kesukaran | F226: =IF(F221="-","-",IF(F221>process02!$F$8,process02!$E$8,IF(F221<process02!$F$9,process02!$E$9,process02!$E$10))) -> - | G226: =IF(G221="-","-",IF(G221>process02!$F$8,process02!$E$8,IF(G221<process02!$F$9,process02!$E$9,process02!$E$10))) -> - | H226: =IF(H221="-","-",IF(H221>process02!$F$8,process02!$E$8,IF(H221<process02!$F$9,process02!$E$9,process02!$E$10))) -> - | I226: =IF(I221="-","-",IF(I221>process02!$F$8,process02!$E$8,IF(I221<process02!$F$9,process02!$E$9,process02!$E$10))) -> - | J226: =IF(J221="-","-",IF(J221>process02!$F$8,process02!$E$8,IF(J221<process02!$F$9,process02!$E$9,process02!$E$10))) -> - | K226: =IF(K221="-","-",IF(K221>process02!$F$8,process02!$E$8,IF(K221<process02!$F$9,process02!$E$9,process02!$E$10))) -> - | L226: =IF(L221="-","-",IF(L221>process02!$F$8,process02!$E$8,IF(L221<process02!$F$9,process02!$E$9,process02!$E$10))) -> - | M226: =IF(M221="-","-",IF(M221>process02!$F$8,process02!$E$8,IF(M221<process02!$F$9,process02!$E$9,process02!$E$10))) -> - | ... O226: =IF(O221="-","-",IF(O221>process02!$F$8,process02!$E$8,IF(O221<process02!$F$9,process02!$E$9,process02!$E$10))) -> -
B227: 14 | E227: Kesimpulan Daya Beda | F227: =IF(F222="-","-",IF(F222<process02!$F$5,process02!$E$6,IF(F222<process02!$F$4,process02!$E$5,process02!$E$4))) -> - | G227: =IF(G222="-","-",IF(G222<process02!$F$5,process02!$E$6,IF(G222<process02!$F$4,process02!$E$5,process02!$E$4))) -> - | H227: =IF(H222="-","-",IF(H222<process02!$F$5,process02!$E$6,IF(H222<process02!$F$4,process02!$E$5,process02!$E$4))) -> - | I227: =IF(I222="-","-",IF(I222<process02!$F$5,process02!$E$6,IF(I222<process02!$F$4,process02!$E$5,process02!$E$4))) -> - | J227: =IF(J222="-","-",IF(J222<process02!$F$5,process02!$E$6,IF(J222<process02!$F$4,process02!$E$5,process02!$E$4))) -> - | K227: =IF(K222="-","-",IF(K222<process02!$F$5,process02!$E$6,IF(K222<process02!$F$4,process02!$E$5,process02!$E$4))) -> - | L227: =IF(L222="-","-",IF(L222<process02!$F$5,process02!$E$6,IF(L222<process02!$F$4,process02!$E$5,process02!$E$4))) -> - | M227: =IF(M222="-","-",IF(M222<process02!$F$5,process02!$E$6,IF(M222<process02!$F$4,process02!$E$5,process02!$E$4))) -> - | ... O227: =IF(O222="-","-",IF(O222<process02!$F$5,process02!$E$6,IF(O222<process02!$F$4,process02!$E$5,process02!$E$4))) -> -
B228: 15 | E228: Kesimpulan akhir | F228: =IF(F222="-","-",IF(F225=0,"Tidak Baik",IF(AND(F225>0,F224=1),"Baik","Cukup Baik"))) -> - | G228: =IF(G222="-","-",IF(G225=0,"Tidak Baik",IF(AND(G225>0,G224=1),"Baik","Cukup Baik"))) -> - | H228: =IF(H222="-","-",IF(H225=0,"Tidak Baik",IF(AND(H225>0,H224=1),"Baik","Cukup Baik"))) -> - | I228: =IF(I222="-","-",IF(I225=0,"Tidak Baik",IF(AND(I225>0,I224=1),"Baik","Cukup Baik"))) -> - | J228: =IF(J222="-","-",IF(J225=0,"Tidak Baik",IF(AND(J225>0,J224=1),"Baik","Cukup Baik"))) -> - | K228: =IF(K222="-","-",IF(K225=0,"Tidak Baik",IF(AND(K225>0,K224=1),"Baik","Cukup Baik"))) -> - | L228: =IF(L222="-","-",IF(L225=0,"Tidak Baik",IF(AND(L225>0,L224=1),"Baik","Cukup Baik"))) -> - | M228: =IF(M222="-","-",IF(M225=0,"Tidak Baik",IF(AND(M225>0,M224=1),"Baik","Cukup Baik"))) -> - | ... O228: =IF(O222="-","-",IF(O225=0,"Tidak Baik",IF(AND(O225>0,O224=1),"Baik","Cukup Baik"))) -> -

Sheet process02
B1: JUMLAH PESERTA | C1: RINCIAN KUNCI JAWABAN | E1: Kriteria
B2: =COUNT(DF17:DF216) -> 2 | C2: =Input01!B37 -> ADCEECBDACCDEAAEDBCBDEDECADCEECBBBB | E2: Daya Beda | BY2: `
C3: =C2&REPT("~",50-B5) -> ADCEECBDACCDEAAEDBCBDEDECADCEECBBBB~~~~~~~~~~~~~~~
B4: JUMLAH SOAL | E4: Baik | F4: 0.3
B5: =LEN(C2) -> 35 | E5: Cukup Baik | F5: 0.2
B6: SKOR BENAR | E6: Tidak Baik
B7: =Input01!B35 -> 2 | E7: Kesukaran
B8: SKOR SALAH | E8: Mudah | F8: 0.7
B9: =Input01!B36 -> 0 | E9: Sulit | F9: 0.3
B10: SKALA PENILAIAN | E10: Sedang
B11: =Input01!B22 -> 100 | E11: Batas Remidial Klasikal | F11: 0.15
B12: SKOR MAKSIMAL
B13: =B5*B7 -> 70 | E13: Batas Remidial Individual Essay | F13: =Input01!B23/Input01!B22 -> 0.67
DI14: Koreksi Total Skor Objektif (Total dikurangi skor butir)
A15: No. Urut | B15: Nama Siswa | C15: RINCIAN JAWABAN SISWA | E15: Nomor | F15: 1 | G15: 2 | H15: 3 | I15: 4 | J15: 5 | K15: 6 | L15: 7 | M15: 8 | N15: 9 | O15: 10 | P15: 11 | Q15: 12 | R15: 13 | S15: 14 | T15: 15 | U15: 16 | V15: 17 | W15: 18 | X15: 19 | Y15: 20 | Z15: 21 | AA15: 22 | AB15: 23 | AC15: 24 | AD15: 25 | AE15: 26 | AF15: 27 | AG15: 28 | AH15: 29 | AI15: 30 | AJ15: 31 | AK15: 32 | AL15: 33 | AM15: 34 | AN15: 35 | AO15: 36 | AP15: 37 | AQ15: 38 | AR15: 39 | AS15: 40 | AT15: 41 | AU15: 42 | AV15: 43 | AW15: 44 | AX15: 45 | AY15: 46 | AZ15: 47 | BA15: 48 | BB15: 49 | BC15: 50 | BF15: =MID($C$2,BF16,1) -> A | BG15: =MID($C$2,BG16,1) -> D | BH15: =MID($C$2,BH16,1) -> C | BI15: =MID($C$2,BI16,1) -> E | BJ15: =MID($C$2,BJ16,1) -> E | BK15: =MID($C$2,BK16,1) -> C | BL15: =MID($C$2,BL16,1) -> B | BM15: =MID($C$2,BM16,1) -> D | ... DC15: =MID($C$2,DC16,1) | DD15: JUMLAH | DF15: SKOR | DG15: NILAI
E16: Kunci | F16: =IF($C$2<>0,MID($C$2,F15,1),"") -> A | G16: =IF($C$2<>0,MID($C$2,G15,1),"") -> D | H16: =IF($C$2<>0,MID($C$2,H15,1),"") -> C | I16: =IF($C$2<>0,MID($C$2,I15,1),"") -> E | J16: =IF($C$2<>0,MID($C$2,J15,1),"") -> E | K16: =IF($C$2<>0,MID($C$2,K15,1),"") -> C | L16: =IF($C$2<>0,MID($C$2,L15,1),"") -> B | M16: =IF($C$2<>0,MID($C$2,M15,1),"") -> D | ... BC16: =IF($C$2<>0,MID($C$2,BC15,1),"") | BF16: 1 | BG16: =BF16+1 -> 2 | BH16: =BG16+1 -> 3 | BI16: =BH16+1 -> 4 | BJ16: =BI16+1 -> 5 | BK16: =BJ16+1 -> 6 | BL16: =BK16+1 -> 7 | BM16: =BL16+1 -> 8 | BN16: =BM16+1 -> 9 | ... DC16: =DB16+1 -> 50 | DD16: BENAR | DE16: SALAH | DI16: 1 | DJ16: =DI16+1 -> 2 | DK16: =DJ16+1 -> 3 | DL16: =DK16+1 -> 4 | DM16: =DL16+1 -> 5 | DN16: =DM16+1 -> 6 | DO16: =DN16+1 -> 7 | DP16: =DO16+1 -> 8 | DQ16: =DP16+1 -> 9 | ... FF16: =FE16+1 -> 50
A17: 1 | B17: =IF(Input02!B6<>"",Input02!B6,"") -> ACHMAD FADILATUL KHANAN | C17: =IF(Input02!CG6<>"",Input02!CG6,"") -> DCCECADBCBABCDBCDCAC | F17: =IF(Input02!D6<>"",Input02!D6,"") -> D | G17: =IF(Input02!E6<>"",Input02!E6,"") -> C | H17: =IF(Input02!F6<>"",Input02!F6,"") -> C | I17: =IF(Input02!G6<>"",Input02!G6,"") -> E | J17: =IF(Input02!H6<>"",Input02!H6,"") -> C | K17: =IF(Input02!I6<>"",Input02!I6,"") -> A | L17: =IF(Input02!J6<>"",Input02!J6,"") -> D | M17: =IF(Input02!K6<>"",Input02!K6,"") -> B | ... BC17: =IF(Input02!BA6<>"",Input02!BA6,"") | BF17: =IF(OR(F$16="",$C17=""),"",IF(F17=F$16,1,0)) -> 0 | BG17: =IF(OR(G$16="",$C17=""),"",IF(G17=G$16,1,0)) -> 0 | BH17: =IF(OR(H$16="",$C17=""),"",IF(H17=H$16,1,0)) -> 1 | BI17: =IF(OR(I$16="",$C17=""),"",IF(I17=I$16,1,0)) -> 1 | BJ17: =IF(OR(J$16="",$C17=""),"",IF(J17=J$16,1,0)) -> 0 | BK17: =IF(OR(K$16="",$C17=""),"",IF(K17=K$16,1,0)) -> 0 | BL17: =IF(OR(L$16="",$C17=""),"",IF(L17=L$16,1,0)) -> 0 | BM17: =IF(OR(M$16="",$C17=""),"",IF(M17=M$16,1,0)) -> 0 | ... DC17: =IF(OR(BC$16="",$C17=""),"",IF(BC17=BC$16,1,0)) | DD17: =IF(C17="","",SUM(BF17:DC17)) -> 3 | DE17: =IF(C17="","",$B$5-DD17) -> 32 | DF17: =IF(C17="","",DD17*$B$7+DE17*$B$9) -> 6 | DG17: =IF(DF17="","",(DF17/$B$13)*$B$11) -> 8.5714286 | DI17: =IF(BF17="","",$DF17-BF17) -> 6 | DJ17: =IF(BG17="","",$DF17-BG17) -> 6 | DK17: =IF(BH17="","",$DF17-BH17) -> 5 | DL17: =IF(BI17="","",$DF17-BI17) -> 5 | DM17: =IF(BJ17="","",$DF17-BJ17) -> 6 | DN17: =IF(BK17="","",$DF17-BK17) -> 6 | DO17: =IF(BL17="","",$DF17-BL17) -> 6 | DP17: =IF(BM17="","",$DF17-BM17) -> 6 | ... FF17: =IF(DC17="","",$DF17-DC17)
A18: =A17+1 -> 2 | B18: =IF(Input02!B7<>"",Input02!B7,"") -> AFRISA KHOERUNNISA | C18: =IF(Input02!CG7<>"",Input02!CG7,"") -> BBCABBBCBCCEBBCBCCCBBBBBC | F18: =IF(Input02!D7<>"",Input02!D7,"") -> B | G18: =IF(Input02!E7<>"",Input02!E7,"") -> B | H18: =IF(Input02!F7<>"",Input02!F7,"") -> C | I18: =IF(Input02!G7<>"",Input02!G7,"") -> A | J18: =IF(Input02!H7<>"",Input02!H7,"") -> B | K18: =IF(Input02!I7<>"",Input02!I7,"") -> B | L18: =IF(Input02!J7<>"",Input02!J7,"") -> B | M18: =IF(Input02!K7<>"",Input02!K7,"") -> C | ... BC18: =IF(Input02!BA7<>"",Input02!BA7,"") | BF18: =IF(OR(F$16="",$C18=""),"",IF(F18=F$16,1,0)) -> 0 | BG18: =IF(OR(G$16="",$C18=""),"",IF(G18=G$16,1,0)) -> 0 | BH18: =IF(OR(H$16="",$C18=""),"",IF(H18=H$16,1,0)) -> 1 | BI18: =IF(OR(I$16="",$C18=""),"",IF(I18=I$16,1,0)) -> 0 | BJ18: =IF(OR(J$16="",$C18=""),"",IF(J18=J$16,1,0)) -> 0 | BK18: =IF(OR(K$16="",$C18=""),"",IF(K18=K$16,1,0)) -> 0 | BL18: =IF(OR(L$16="",$C18=""),"",IF(L18=L$16,1,0)) -> 1 | BM18: =IF(OR(M$16="",$C18=""),"",IF(M18=M$16,1,0)) -> 0 | ... DC18: =IF(OR(BC$16="",$C18=""),"",IF(BC18=BC$16,1,0)) | DD18: =IF(C18="","",SUM(BF18:DC18)) -> 7 | DE18: =IF(C18="","",$B$5-DD18) -> 28 | DF18: =IF(C18="","",DD18*$B$7+DE18*$B$9) -> 14 | DG18: =IF(DF18="","",(DF18/$B$13)*$B$11) -> 20 | DI18: =IF(BF18="","",$DF18-BF18) -> 14 | DJ18: =IF(BG18="","",$DF18-BG18) -> 14 | DK18: =IF(BH18="","",$DF18-BH18) -> 13 | DL18: =IF(BI18="","",$DF18-BI18) -> 14 | DM18: =IF(BJ18="","",$DF18-BJ18) -> 14 | DN18: =IF(BK18="","",$DF18-BK18) -> 14 | DO18: =IF(BL18="","",$DF18-BL18) -> 13 | DP18: =IF(BM18="","",$DF18-BM18) -> 14 | ... FF18: =IF(DC18="","",$DF18-DC18)
A19: =A18+1 -> 3 | B19: =IF(Input02!B8<>"",Input02!B8,"") -> AHMAD SYAHRIAN RAMADAN | C19: =IF(Input02!CG8<>"",Input02!CG8,"") | F19: =IF(Input02!D8<>"",Input02!D8,"") | G19: =IF(Input02!E8<>"",Input02!E8,"") | H19: =IF(Input02!F8<>"",Input02!F8,"") | I19: =IF(Input02!G8<>"",Input02!G8,"") | J19: =IF(Input02!H8<>"",Input02!H8,"") | K19: =IF(Input02!I8<>"",Input02!I8,"") | L19: =IF(Input02!J8<>"",Input02!J8,"") | M19: =IF(Input02!K8<>"",Input02!K8,"") | ... BC19: =IF(Input02!BA8<>"",Input02!BA8,"") | BF19: =IF(OR(F$16="",$C19=""),"",IF(F19=F$16,1,0)) | BG19: =IF(OR(G$16="",$C19=""),"",IF(G19=G$16,1,0)) | BH19: =IF(OR(H$16="",$C19=""),"",IF(H19=H$16,1,0)) | BI19: =IF(OR(I$16="",$C19=""),"",IF(I19=I$16,1,0)) | BJ19: =IF(OR(J$16="",$C19=""),"",IF(J19=J$16,1,0)) | BK19: =IF(OR(K$16="",$C19=""),"",IF(K19=K$16,1,0)) | BL19: =IF(OR(L$16="",$C19=""),"",IF(L19=L$16,1,0)) | BM19: =IF(OR(M$16="",$C19=""),"",IF(M19=M$16,1,0)) | ... DC19: =IF(OR(BC$16="",$C19=""),"",IF(BC19=BC$16,1,0)) | DD19: =IF(C19="","",SUM(BF19:DC19)) | DE19: =IF(C19="","",$B$5-DD19) | DF19: =IF(C19="","",DD19*$B$7+DE19*$B$9) | DG19: =IF(DF19="","",(DF19/$B$13)*$B$11) | DI19: =IF(BF19="","",$DF19-BF19) | DJ19: =IF(BG19="","",$DF19-BG19) | DK19: =IF(BH19="","",$DF19-BH19) | DL19: =IF(BI19="","",$DF19-BI19) | DM19: =IF(BJ19="","",$DF19-BJ19) | DN19: =IF(BK19="","",$DF19-BK19) | DO19: =IF(BL19="","",$DF19-BL19) | DP19: =IF(BM19="","",$DF19-BM19) | ... FF19: =IF(DC19="","",$DF19-DC19)
A20: =A19+1 -> 4 | B20: =IF(Input02!B9<>"",Input02!B9,"") -> AHMAD ULUN NUHA | C20: =IF(Input02!CG9<>"",Input02!CG9,"") | F20: =IF(Input02!D9<>"",Input02!D9,"") | G20: =IF(Input02!E9<>"",Input02!E9,"") | H20: =IF(Input02!F9<>"",Input02!F9,"") | I20: =IF(Input02!G9<>"",Input02!G9,"") | J20: =IF(Input02!H9<>"",Input02!H9,"") | K20: =IF(Input02!I9<>"",Input02!I9,"") | L20: =IF(Input02!J9<>"",Input02!J9,"") | M20: =IF(Input02!K9<>"",Input02!K9,"") | ... BC20: =IF(Input02!BA9<>"",Input02!BA9,"") | BF20: =IF(OR(F$16="",$C20=""),"",IF(F20=F$16,1,0)) | BG20: =IF(OR(G$16="",$C20=""),"",IF(G20=G$16,1,0)) | BH20: =IF(OR(H$16="",$C20=""),"",IF(H20=H$16,1,0)) | BI20: =IF(OR(I$16="",$C20=""),"",IF(I20=I$16,1,0)) | BJ20: =IF(OR(J$16="",$C20=""),"",IF(J20=J$16,1,0)) | BK20: =IF(OR(K$16="",$C20=""),"",IF(K20=K$16,1,0)) | BL20: =IF(OR(L$16="",$C20=""),"",IF(L20=L$16,1,0)) | BM20: =IF(OR(M$16="",$C20=""),"",IF(M20=M$16,1,0)) | ... DC20: =IF(OR(BC$16="",$C20=""),"",IF(BC20=BC$16,1,0)) | DD20: =IF(C20="","",SUM(BF20:DC20)) | DE20: =IF(C20="","",$B$5-DD20) | DF20: =IF(C20="","",DD20*$B$7+DE20*$B$9) | DG20: =IF(DF20="","",(DF20/$B$13)*$B$11) | DI20: =IF(BF20="","",$DF20-BF20) | DJ20: =IF(BG20="","",$DF20-BG20) | DK20: =IF(BH20="","",$DF20-BH20) | DL20: =IF(BI20="","",$DF20-BI20) | DM20: =IF(BJ20="","",$DF20-BJ20) | DN20: =IF(BK20="","",$DF20-BK20) | DO20: =IF(BL20="","",$DF20-BL20) | DP20: =IF(BM20="","",$DF20-BM20) | ... FF20: =IF(DC20="","",$DF20-DC20)
A21: =A20+1 -> 5 | B21: =IF(Input02!B10<>"",Input02!B10,"") -> AHSINUL MUTHORIQ | C21: =IF(Input02!CG10<>"",Input02!CG10,"") | F21: =IF(Input02!D10<>"",Input02!D10,"") | G21: =IF(Input02!E10<>"",Input02!E10,"") | H21: =IF(Input02!F10<>"",Input02!F10,"") | I21: =IF(Input02!G10<>"",Input02!G10,"") | J21: =IF(Input02!H10<>"",Input02!H10,"") | K21: =IF(Input02!I10<>"",Input02!I10,"") | L21: =IF(Input02!J10<>"",Input02!J10,"") | M21: =IF(Input02!K10<>"",Input02!K10,"") | ... BC21: =IF(Input02!BA10<>"",Input02!BA10,"") | BF21: =IF(OR(F$16="",$C21=""),"",IF(F21=F$16,1,0)) | BG21: =IF(OR(G$16="",$C21=""),"",IF(G21=G$16,1,0)) | BH21: =IF(OR(H$16="",$C21=""),"",IF(H21=H$16,1,0)) | BI21: =IF(OR(I$16="",$C21=""),"",IF(I21=I$16,1,0)) | BJ21: =IF(OR(J$16="",$C21=""),"",IF(J21=J$16,1,0)) | BK21: =IF(OR(K$16="",$C21=""),"",IF(K21=K$16,1,0)) | BL21: =IF(OR(L$16="",$C21=""),"",IF(L21=L$16,1,0)) | BM21: =IF(OR(M$16="",$C21=""),"",IF(M21=M$16,1,0)) | ... DC21: =IF(OR(BC$16="",$C21=""),"",IF(BC21=BC$16,1,0)) | DD21: =IF(C21="","",SUM(BF21:DC21)) | DE21: =IF(C21="","",$B$5-DD21) | DF21: =IF(C21="","",DD21*$B$7+DE21*$B$9) | DG21: =IF(DF21="","",(DF21/$B$13)*$B$11) | DI21: =IF(BF21="","",$DF21-BF21) | DJ21: =IF(BG21="","",$DF21-BG21) | DK21: =IF(BH21="","",$DF21-BH21) | DL21: =IF(BI21="","",$DF21-BI21) | DM21: =IF(BJ21="","",$DF21-BJ21) | DN21: =IF(BK21="","",$DF21-BK21) | DO21: =IF(BL21="","",$DF21-BL21) | DP21: =IF(BM21="","",$DF21-BM21) | ... FF21: =IF(DC21="","",$DF21-DC21)
A22: =A21+1 -> 6 | B22: =IF(Input02!B11<>"",Input02!B11,"") -> ALFIN ARDIANSYAH NAWAWI | C22: =IF(Input02!CG11<>"",Input02!CG11,"") | F22: =IF(Input02!D11<>"",Input02!D11,"") | G22: =IF(Input02!E11<>"",Input02!E11,"") | H22: =IF(Input02!F11<>"",Input02!F11,"") | I22: =IF(Input02!G11<>"",Input02!G11,"") | J22: =IF(Input02!H11<>"",Input02!H11,"") | K22: =IF(Input02!I11<>"",Input02!I11,"") | L22: =IF(Input02!J11<>"",Input02!J11,"") | M22: =IF(Input02!K11<>"",Input02!K11,"") | ... BC22: =IF(Input02!BA11<>"",Input02!BA11,"") | BF22: =IF(OR(F$16="",$C22=""),"",IF(F22=F$16,1,0)) | BG22: =IF(OR(G$16="",$C22=""),"",IF(G22=G$16,1,0)) | BH22: =IF(OR(H$16="",$C22=""),"",IF(H22=H$16,1,0)) | BI22: =IF(OR(I$16="",$C22=""),"",IF(I22=I$16,1,0)) | BJ22: =IF(OR(J$16="",$C22=""),"",IF(J22=J$16,1,0)) | BK22: =IF(OR(K$16="",$C22=""),"",IF(K22=K$16,1,0)) | BL22: =IF(OR(L$16="",$C22=""),"",IF(L22=L$16,1,0)) | BM22: =IF(OR(M$16="",$C22=""),"",IF(M22=M$16,1,0)) | ... DC22: =IF(OR(BC$16="",$C22=""),"",IF(BC22=BC$16,1,0)) | DD22: =IF(C22="","",SUM(BF22:DC22)) | DE22: =IF(C22="","",$B$5-DD22) | DF22: =IF(C22="","",DD22*$B$7+DE22*$B$9) | DG22: =IF(DF22="","",(DF22/$B$13)*$B$11) | DI22: =IF(BF22="","",$DF22-BF22) | DJ22: =IF(BG22="","",$DF22-BG22) | DK22: =IF(BH22="","",$DF22-BH22) | DL22: =IF(BI22="","",$DF22-BI22) | DM22: =IF(BJ22="","",$DF22-BJ22) | DN22: =IF(BK22="","",$DF22-BK22) | DO22: =IF(BL22="","",$DF22-BL22) | DP22: =IF(BM22="","",$DF22-BM22) | ... FF22: =IF(DC22="","",$DF22-DC22)
A23: =A22+1 -> 7 | B23: =IF(Input02!B12<>"",Input02!B12,"") -> ALIF KHISBULLOH | C23: =IF(Input02!CG12<>"",Input02!CG12,"") | F23: =IF(Input02!D12<>"",Input02!D12,"") | G23: =IF(Input02!E12<>"",Input02!E12,"") | H23: =IF(Input02!F12<>"",Input02!F12,"") | I23: =IF(Input02!G12<>"",Input02!G12,"") | J23: =IF(Input02!H12<>"",Input02!H12,"") | K23: =IF(Input02!I12<>"",Input02!I12,"") | L23: =IF(Input02!J12<>"",Input02!J12,"") | M23: =IF(Input02!K12<>"",Input02!K12,"") | ... BC23: =IF(Input02!BA12<>"",Input02!BA12,"") | BF23: =IF(OR(F$16="",$C23=""),"",IF(F23=F$16,1,0)) | BG23: =IF(OR(G$16="",$C23=""),"",IF(G23=G$16,1,0)) | BH23: =IF(OR(H$16="",$C23=""),"",IF(H23=H$16,1,0)) | BI23: =IF(OR(I$16="",$C23=""),"",IF(I23=I$16,1,0)) | BJ23: =IF(OR(J$16="",$C23=""),"",IF(J23=J$16,1,0)) | BK23: =IF(OR(K$16="",$C23=""),"",IF(K23=K$16,1,0)) | BL23: =IF(OR(L$16="",$C23=""),"",IF(L23=L$16,1,0)) | BM23: =IF(OR(M$16="",$C23=""),"",IF(M23=M$16,1,0)) | ... DC23: =IF(OR(BC$16="",$C23=""),"",IF(BC23=BC$16,1,0)) | DD23: =IF(C23="","",SUM(BF23:DC23)) | DE23: =IF(C23="","",$B$5-DD23) | DF23: =IF(C23="","",DD23*$B$7+DE23*$B$9) | DG23: =IF(DF23="","",(DF23/$B$13)*$B$11) | DI23: =IF(BF23="","",$DF23-BF23) | DJ23: =IF(BG23="","",$DF23-BG23) | DK23: =IF(BH23="","",$DF23-BH23) | DL23: =IF(BI23="","",$DF23-BI23) | DM23: =IF(BJ23="","",$DF23-BJ23) | DN23: =IF(BK23="","",$DF23-BK23) | DO23: =IF(BL23="","",$DF23-BL23) | DP23: =IF(BM23="","",$DF23-BM23) | ... FF23: =IF(DC23="","",$DF23-DC23)
A24: =A23+1 -> 8 | B24: =IF(Input02!B13<>"",Input02!B13,"") -> AMELLIA AZZAH | C24: =IF(Input02!CG13<>"",Input02!CG13,"") | F24: =IF(Input02!D13<>"",Input02!D13,"") | G24: =IF(Input02!E13<>"",Input02!E13,"") | H24: =IF(Input02!F13<>"",Input02!F13,"") | I24: =IF(Input02!G13<>"",Input02!G13,"") | J24: =IF(Input02!H13<>"",Input02!H13,"") | K24: =IF(Input02!I13<>"",Input02!I13,"") | L24: =IF(Input02!J13<>"",Input02!J13,"") | M24: =IF(Input02!K13<>"",Input02!K13,"") | ... BC24: =IF(Input02!BA13<>"",Input02!BA13,"") | BF24: =IF(OR(F$16="",$C24=""),"",IF(F24=F$16,1,0)) | BG24: =IF(OR(G$16="",$C24=""),"",IF(G24=G$16,1,0)) | BH24: =IF(OR(H$16="",$C24=""),"",IF(H24=H$16,1,0)) | BI24: =IF(OR(I$16="",$C24=""),"",IF(I24=I$16,1,0)) | BJ24: =IF(OR(J$16="",$C24=""),"",IF(J24=J$16,1,0)) | BK24: =IF(OR(K$16="",$C24=""),"",IF(K24=K$16,1,0)) | BL24: =IF(OR(L$16="",$C24=""),"",IF(L24=L$16,1,0)) | BM24: =IF(OR(M$16="",$C24=""),"",IF(M24=M$16,1,0)) | ... DC24: =IF(OR(BC$16="",$C24=""),"",IF(BC24=BC$16,1,0)) | DD24: =IF(C24="","",SUM(BF24:DC24)) | DE24: =IF(C24="","",$B$5-DD24) | DF24: =IF(C24="","",DD24*$B$7+DE24*$B$9) | DG24: =IF(DF24="","",(DF24/$B$13)*$B$11) | DI24: =IF(BF24="","",$DF24-BF24) | DJ24: =IF(BG24="","",$DF24-BG24) | DK24: =IF(BH24="","",$DF24-BH24) | DL24: =IF(BI24="","",$DF24-BI24) | DM24: =IF(BJ24="","",$DF24-BJ24) | DN24: =IF(BK24="","",$DF24-BK24) | DO24: =IF(BL24="","",$DF24-BL24) | DP24: =IF(BM24="","",$DF24-BM24) | ... FF24: =IF(DC24="","",$DF24-DC24)
A25: =A24+1 -> 9 | B25: =IF(Input02!B14<>"",Input02!B14,"") -> ESTI ZAINAB SA'ADAH | C25: =IF(Input02!CG14<>"",Input02!CG14,"") | F25: =IF(Input02!D14<>"",Input02!D14,"") | G25: =IF(Input02!E14<>"",Input02!E14,"") | H25: =IF(Input02!F14<>"",Input02!F14,"") | I25: =IF(Input02!G14<>"",Input02!G14,"") | J25: =IF(Input02!H14<>"",Input02!H14,"") | K25: =IF(Input02!I14<>"",Input02!I14,"") | L25: =IF(Input02!J14<>"",Input02!J14,"") | M25: =IF(Input02!K14<>"",Input02!K14,"") | ... BC25: =IF(Input02!BA14<>"",Input02!BA14,"") | BF25: =IF(OR(F$16="",$C25=""),"",IF(F25=F$16,1,0)) | BG25: =IF(OR(G$16="",$C25=""),"",IF(G25=G$16,1,0)) | BH25: =IF(OR(H$16="",$C25=""),"",IF(H25=H$16,1,0)) | BI25: =IF(OR(I$16="",$C25=""),"",IF(I25=I$16,1,0)) | BJ25: =IF(OR(J$16="",$C25=""),"",IF(J25=J$16,1,0)) | BK25: =IF(OR(K$16="",$C25=""),"",IF(K25=K$16,1,0)) | BL25: =IF(OR(L$16="",$C25=""),"",IF(L25=L$16,1,0)) | BM25: =IF(OR(M$16="",$C25=""),"",IF(M25=M$16,1,0)) | ... DC25: =IF(OR(BC$16="",$C25=""),"",IF(BC25=BC$16,1,0)) | DD25: =IF(C25="","",SUM(BF25:DC25)) | DE25: =IF(C25="","",$B$5-DD25) | DF25: =IF(C25="","",DD25*$B$7+DE25*$B$9) | DG25: =IF(DF25="","",(DF25/$B$13)*$B$11) | DI25: =IF(BF25="","",$DF25-BF25) | DJ25: =IF(BG25="","",$DF25-BG25) | DK25: =IF(BH25="","",$DF25-BH25) | DL25: =IF(BI25="","",$DF25-BI25) | DM25: =IF(BJ25="","",$DF25-BJ25) | DN25: =IF(BK25="","",$DF25-BK25) | DO25: =IF(BL25="","",$DF25-BL25) | DP25: =IF(BM25="","",$DF25-BM25) | ... FF25: =IF(DC25="","",$DF25-DC25)
A26: =A25+1 -> 10 | B26: =IF(Input02!B15<>"",Input02!B15,"") -> FILZA MAWADATUN NISA | C26: =IF(Input02!CG15<>"",Input02!CG15,"") | F26: =IF(Input02!D15<>"",Input02!D15,"") | G26: =IF(Input02!E15<>"",Input02!E15,"") | H26: =IF(Input02!F15<>"",Input02!F15,"") | I26: =IF(Input02!G15<>"",Input02!G15,"") | J26: =IF(Input02!H15<>"",Input02!H15,"") | K26: =IF(Input02!I15<>"",Input02!I15,"") | L26: =IF(Input02!J15<>"",Input02!J15,"") | M26: =IF(Input02!K15<>"",Input02!K15,"") | ... BC26: =IF(Input02!BA15<>"",Input02!BA15,"") | BF26: =IF(OR(F$16="",$C26=""),"",IF(F26=F$16,1,0)) | BG26: =IF(OR(G$16="",$C26=""),"",IF(G26=G$16,1,0)) | BH26: =IF(OR(H$16="",$C26=""),"",IF(H26=H$16,1,0)) | BI26: =IF(OR(I$16="",$C26=""),"",IF(I26=I$16,1,0)) | BJ26: =IF(OR(J$16="",$C26=""),"",IF(J26=J$16,1,0)) | BK26: =IF(OR(K$16="",$C26=""),"",IF(K26=K$16,1,0)) | BL26: =IF(OR(L$16="",$C26=""),"",IF(L26=L$16,1,0)) | BM26: =IF(OR(M$16="",$C26=""),"",IF(M26=M$16,1,0)) | ... DC26: =IF(OR(BC$16="",$C26=""),"",IF(BC26=BC$16,1,0)) | DD26: =IF(C26="","",SUM(BF26:DC26)) | DE26: =IF(C26="","",$B$5-DD26) | DF26: =IF(C26="","",DD26*$B$7+DE26*$B$9) | DG26: =IF(DF26="","",(DF26/$B$13)*$B$11) | DI26: =IF(BF26="","",$DF26-BF26) | DJ26: =IF(BG26="","",$DF26-BG26) | DK26: =IF(BH26="","",$DF26-BH26) | DL26: =IF(BI26="","",$DF26-BI26) | DM26: =IF(BJ26="","",$DF26-BJ26) | DN26: =IF(BK26="","",$DF26-BK26) | DO26: =IF(BL26="","",$DF26-BL26) | DP26: =IF(BM26="","",$DF26-BM26) | ... FF26: =IF(DC26="","",$DF26-DC26)
A27: =A26+1 -> 11 | B27: =IF(Input02!B16<>"",Input02!B16,"") -> HERLINA TASKIA NUFUS | C27: =IF(Input02!CG16<>"",Input02!CG16,"") | F27: =IF(Input02!D16<>"",Input02!D16,"") | G27: =IF(Input02!E16<>"",Input02!E16,"") | H27: =IF(Input02!F16<>"",Input02!F16,"") | I27: =IF(Input02!G16<>"",Input02!G16,"") | J27: =IF(Input02!H16<>"",Input02!H16,"") | K27: =IF(Input02!I16<>"",Input02!I16,"") | L27: =IF(Input02!J16<>"",Input02!J16,"") | M27: =IF(Input02!K16<>"",Input02!K16,"") | ... BC27: =IF(Input02!BA16<>"",Input02!BA16,"") | BF27: =IF(OR(F$16="",$C27=""),"",IF(F27=F$16,1,0)) | BG27: =IF(OR(G$16="",$C27=""),"",IF(G27=G$16,1,0)) | BH27: =IF(OR(H$16="",$C27=""),"",IF(H27=H$16,1,0)) | BI27: =IF(OR(I$16="",$C27=""),"",IF(I27=I$16,1,0)) | BJ27: =IF(OR(J$16="",$C27=""),"",IF(J27=J$16,1,0)) | BK27: =IF(OR(K$16="",$C27=""),"",IF(K27=K$16,1,0)) | BL27: =IF(OR(L$16="",$C27=""),"",IF(L27=L$16,1,0)) | BM27: =IF(OR(M$16="",$C27=""),"",IF(M27=M$16,1,0)) | ... DC27: =IF(OR(BC$16="",$C27=""),"",IF(BC27=BC$16,1,0)) | DD27: =IF(C27="","",SUM(BF27:DC27)) | DE27: =IF(C27="","",$B$5-DD27) | DF27: =IF(C27="","",DD27*$B$7+DE27*$B$9) | DG27: =IF(DF27="","",(DF27/$B$13)*$B$11) | DI27: =IF(BF27="","",$DF27-BF27) | DJ27: =IF(BG27="","",$DF27-BG27) | DK27: =IF(BH27="","",$DF27-BH27) | DL27: =IF(BI27="","",$DF27-BI27) | DM27: =IF(BJ27="","",$DF27-BJ27) | DN27: =IF(BK27="","",$DF27-BK27) | DO27: =IF(BL27="","",$DF27-BL27) | DP27: =IF(BM27="","",$DF27-BM27) | ... FF27: =IF(DC27="","",$DF27-DC27)
A28: =A27+1 -> 12 | B28: =IF(Input02!B17<>"",Input02!B17,"") -> IRFANGI MAULANA AJRI | C28: =IF(Input02!CG17<>"",Input02!CG17,"") | F28: =IF(Input02!D17<>"",Input02!D17,"") | G28: =IF(Input02!E17<>"",Input02!E17,"") | H28: =IF(Input02!F17<>"",Input02!F17,"") | I28: =IF(Input02!G17<>"",Input02!G17,"") | J28: =IF(Input02!H17<>"",Input02!H17,"") | K28: =IF(Input02!I17<>"",Input02!I17,"") | L28: =IF(Input02!J17<>"",Input02!J17,"") | M28: =IF(Input02!K17<>"",Input02!K17,"") | ... BC28: =IF(Input02!BA17<>"",Input02!BA17,"") | BF28: =IF(OR(F$16="",$C28=""),"",IF(F28=F$16,1,0)) | BG28: =IF(OR(G$16="",$C28=""),"",IF(G28=G$16,1,0)) | BH28: =IF(OR(H$16="",$C28=""),"",IF(H28=H$16,1,0)) | BI28: =IF(OR(I$16="",$C28=""),"",IF(I28=I$16,1,0)) | BJ28: =IF(OR(J$16="",$C28=""),"",IF(J28=J$16,1,0)) | BK28: =IF(OR(K$16="",$C28=""),"",IF(K28=K$16,1,0)) | BL28: =IF(OR(L$16="",$C28=""),"",IF(L28=L$16,1,0)) | BM28: =IF(OR(M$16="",$C28=""),"",IF(M28=M$16,1,0)) | ... DC28: =IF(OR(BC$16="",$C28=""),"",IF(BC28=BC$16,1,0)) | DD28: =IF(C28="","",SUM(BF28:DC28)) | DE28: =IF(C28="","",$B$5-DD28) | DF28: =IF(C28="","",DD28*$B$7+DE28*$B$9) | DG28: =IF(DF28="","",(DF28/$B$13)*$B$11) | DI28: =IF(BF28="","",$DF28-BF28) | DJ28: =IF(BG28="","",$DF28-BG28) | DK28: =IF(BH28="","",$DF28-BH28) | DL28: =IF(BI28="","",$DF28-BI28) | DM28: =IF(BJ28="","",$DF28-BJ28) | DN28: =IF(BK28="","",$DF28-BK28) | DO28: =IF(BL28="","",$DF28-BL28) | DP28: =IF(BM28="","",$DF28-BM28) | ... FF28: =IF(DC28="","",$DF28-DC28)
A29: =A28+1 -> 13 | B29: =IF(Input02!B18<>"",Input02!B18,"") -> IRMA SURYANINGSIH | C29: =IF(Input02!CG18<>"",Input02!CG18,"") | F29: =IF(Input02!D18<>"",Input02!D18,"") | G29: =IF(Input02!E18<>"",Input02!E18,"") | H29: =IF(Input02!F18<>"",Input02!F18,"") | I29: =IF(Input02!G18<>"",Input02!G18,"") | J29: =IF(Input02!H18<>"",Input02!H18,"") | K29: =IF(Input02!I18<>"",Input02!I18,"") | L29: =IF(Input02!J18<>"",Input02!J18,"") | M29: =IF(Input02!K18<>"",Input02!K18,"") | ... BC29: =IF(Input02!BA18<>"",Input02!BA18,"") | BF29: =IF(OR(F$16="",$C29=""),"",IF(F29=F$16,1,0)) | BG29: =IF(OR(G$16="",$C29=""),"",IF(G29=G$16,1,0)) | BH29: =IF(OR(H$16="",$C29=""),"",IF(H29=H$16,1,0)) | BI29: =IF(OR(I$16="",$C29=""),"",IF(I29=I$16,1,0)) | BJ29: =IF(OR(J$16="",$C29=""),"",IF(J29=J$16,1,0)) | BK29: =IF(OR(K$16="",$C29=""),"",IF(K29=K$16,1,0)) | BL29: =IF(OR(L$16="",$C29=""),"",IF(L29=L$16,1,0)) | BM29: =IF(OR(M$16="",$C29=""),"",IF(M29=M$16,1,0)) | ... DC29: =IF(OR(BC$16="",$C29=""),"",IF(BC29=BC$16,1,0)) | DD29: =IF(C29="","",SUM(BF29:DC29)) | DE29: =IF(C29="","",$B$5-DD29) | DF29: =IF(C29="","",DD29*$B$7+DE29*$B$9) | DG29: =IF(DF29="","",(DF29/$B$13)*$B$11) | DI29: =IF(BF29="","",$DF29-BF29) | DJ29: =IF(BG29="","",$DF29-BG29) | DK29: =IF(BH29="","",$DF29-BH29) | DL29: =IF(BI29="","",$DF29-BI29) | DM29: =IF(BJ29="","",$DF29-BJ29) | DN29: =IF(BK29="","",$DF29-BK29) | DO29: =IF(BL29="","",$DF29-BL29) | DP29: =IF(BM29="","",$DF29-BM29) | ... FF29: =IF(DC29="","",$DF29-DC29)
... A216: =A215+1 -> 200 | B216: =IF(Input02!B205<>"",Input02!B205,"") | C216: =IF(Input02!CG205<>"",Input02!CG205,"") | F216: =IF(Input02!D205<>"",Input02!D205,"") | G216: =IF(Input02!E205<>"",Input02!E205,"") | H216: =IF(Input02!F205<>"",Input02!F205,"") | I216: =IF(Input02!G205<>"",Input02!G205,"") | J216: =IF(Input02!H205<>"",Input02!H205,"") | K216: =IF(Input02!I205<>"",Input02!I205,"") | L216: =IF(Input02!J205<>"",Input02!J205,"") | M216: =IF(Input02!K205<>"",Input02!K205,"") | ... BC216: =IF(Input02!BA205<>"",Input02!BA205,"") | BF216: =IF(OR(F$16="",$C216=""),"",IF(F216=F$16,1,0)) | BG216: =IF(OR(G$16="",$C216=""),"",IF(G216=G$16,1,0)) | BH216: =IF(OR(H$16="",$C216=""),"",IF(H216=H$16,1,0)) | BI216: =IF(OR(I$16="",$C216=""),"",IF(I216=I$16,1,0)) | BJ216: =IF(OR(J$16="",$C216=""),"",IF(J216=J$16,1,0)) | BK216: =IF(OR(K$16="",$C216=""),"",IF(K216=K$16,1,0)) | BL216: =IF(OR(L$16="",$C216=""),"",IF(L216=L$16,1,0)) | BM216: =IF(OR(M$16="",$C216=""),"",IF(M216=M$16,1,0)) | ... DC216: =IF(OR(BC$16="",$C216=""),"",IF(BC216=BC$16,1,0)) | DD216: =IF(C216="","",SUM(BF216:DC216)) | DE216: =IF(C216="","",$B$5-DD216) | DF216: =IF(C216="","",DD216*$B$7+DE216*$B$9) | DG216: =IF(DF216="","",(DF216/$B$13)*$B$11) | DI216: =IF(BF216="","",$DF216-BF216) | DJ216: =IF(BG216="","",$DF216-BG216) | DK216: =IF(BH216="","",$DF216-BH216) | DL216: =IF(BI216="","",$DF216-BI216) | DM216: =IF(BJ216="","",$DF216-BJ216) | DN216: =IF(BK216="","",$DF216-BK216) | DO216: =IF(BL216="","",$DF216-BL216) | DP216: =IF(BM216="","",$DF216-BM216) | ... FF216: =IF(DC216="","",$DF216-DC216)
D218: 0 | E218: A | F218: =IF(F$16="","",IF(Input01!$B$34>$D218,COUNTIF(F$17:F$216,$E218),"")) -> 0 | G218: =IF(G$16="","",IF(Input01!$B$34>$D218,COUNTIF(G$17:G$216,$E218),"")) -> 0 | H218: =IF(H$16="","",IF(Input01!$B$34>$D218,COUNTIF(H$17:H$216,$E218),"")) -> 0 | I218: =IF(I$16="","",IF(Input01!$B$34>$D218,COUNTIF(I$17:I$216,$E218),"")) -> 1 | J218: =IF(J$16="","",IF(Input01!$B$34>$D218,COUNTIF(J$17:J$216,$E218),"")) -> 0 | K218: =IF(K$16="","",IF(Input01!$B$34>$D218,COUNTIF(K$17:K$216,$E218),"")) -> 1 | L218: =IF(L$16="","",IF(Input01!$B$34>$D218,COUNTIF(L$17:L$216,$E218),"")) -> 0 | M218: =IF(M$16="","",IF(Input01!$B$34>$D218,COUNTIF(M$17:M$216,$E218),"")) -> 0 | ... BC218: =IF(BC$16="","",IF(Input01!$B$34>$D218,COUNTIF(BC$17:BC$216,$E218),"")) | BE218: JUMLAH : | BF218: =SUM(BF17:BF216) -> 0 | BG218: =SUM(BG17:BG216) -> 0 | BH218: =SUM(BH17:BH216) -> 2 | BI218: =SUM(BI17:BI216) -> 1 | BJ218: =SUM(BJ17:BJ216) -> 0 | BK218: =SUM(BK17:BK216) -> 0 | BL218: =SUM(BL17:BL216) -> 1 | BM218: =SUM(BM17:BM216) -> 0 | ... DF218: =SUM(DF17:DF216) -> 20
D219: 1 | E219: B | F219: =IF(F$16="","",IF(Input01!$B$34>$D219,COUNTIF(F$17:F$216,$E219),"")) -> 1 | G219: =IF(G$16="","",IF(Input01!$B$34>$D219,COUNTIF(G$17:G$216,$E219),"")) -> 1 | H219: =IF(H$16="","",IF(Input01!$B$34>$D219,COUNTIF(H$17:H$216,$E219),"")) -> 0 | I219: =IF(I$16="","",IF(Input01!$B$34>$D219,COUNTIF(I$17:I$216,$E219),"")) -> 0 | J219: =IF(J$16="","",IF(Input01!$B$34>$D219,COUNTIF(J$17:J$216,$E219),"")) -> 1 | K219: =IF(K$16="","",IF(Input01!$B$34>$D219,COUNTIF(K$17:K$216,$E219),"")) -> 1 | L219: =IF(L$16="","",IF(Input01!$B$34>$D219,COUNTIF(L$17:L$216,$E219),"")) -> 1 | M219: =IF(M$16="","",IF(Input01!$B$34>$D219,COUNTIF(M$17:M$216,$E219),"")) -> 1 | ... BC219: =IF(BC$16="","",IF(Input01!$B$34>$D219,COUNTIF(BC$17:BC$216,$E219),"")) | BE219: PROPORSI : | BF219: =BF218/$B$2 -> 0 | BG219: =BG218/$B$2 -> 0 | BH219: =BH218/$B$2 -> 1 | BI219: =BI218/$B$2 -> 0.5 | BJ219: =BJ218/$B$2 -> 0 | BK219: =BK218/$B$2 -> 0 | BL219: =BL218/$B$2 -> 0.5 | BM219: =BM218/$B$2 -> 0 | ... DC219: =DC218/$B$2 -> 0
D220: 2 | E220: C | F220: =IF(F$16="","",IF(Input01!$B$34>$D220,COUNTIF(F$17:F$216,$E220),"")) -> 0 | G220: =IF(G$16="","",IF(Input01!$B$34>$D220,COUNTIF(G$17:G$216,$E220),"")) -> 1 | H220: =IF(H$16="","",IF(Input01!$B$34>$D220,COUNTIF(H$17:H$216,$E220),"")) -> 2 | I220: =IF(I$16="","",IF(Input01!$B$34>$D220,COUNTIF(I$17:I$216,$E220),"")) -> 0 | J220: =IF(J$16="","",IF(Input01!$B$34>$D220,COUNTIF(J$17:J$216,$E220),"")) -> 1 | K220: =IF(K$16="","",IF(Input01!$B$34>$D220,COUNTIF(K$17:K$216,$E220),"")) -> 0 | L220: =IF(L$16="","",IF(Input01!$B$34>$D220,COUNTIF(L$17:L$216,$E220),"")) -> 0 | M220: =IF(M$16="","",IF(Input01!$B$34>$D220,COUNTIF(M$17:M$216,$E220),"")) -> 1 | ... BC220: =IF(BC$16="","",IF(Input01!$B$34>$D220,COUNTIF(BC$17:BC$216,$E220),"")) | BE220: TERKECIL : | DF220: =MIN(DF17:DF218) -> 6
D221: 3 | E221: D | F221: =IF(F$16="","",IF(Input01!$B$34>$D221,COUNTIF(F$17:F$216,$E221),"")) -> 1 | G221: =IF(G$16="","",IF(Input01!$B$34>$D221,COUNTIF(G$17:G$216,$E221),"")) -> 0 | H221: =IF(H$16="","",IF(Input01!$B$34>$D221,COUNTIF(H$17:H$216,$E221),"")) -> 0 | I221: =IF(I$16="","",IF(Input01!$B$34>$D221,COUNTIF(I$17:I$216,$E221),"")) -> 0 | J221: =IF(J$16="","",IF(Input01!$B$34>$D221,COUNTIF(J$17:J$216,$E221),"")) -> 0 | K221: =IF(K$16="","",IF(Input01!$B$34>$D221,COUNTIF(K$17:K$216,$E221),"")) -> 0 | L221: =IF(L$16="","",IF(Input01!$B$34>$D221,COUNTIF(L$17:L$216,$E221),"")) -> 1 | M221: =IF(M$16="","",IF(Input01!$B$34>$D221,COUNTIF(M$17:M$216,$E221),"")) -> 0 | ... BC221: =IF(BC$16="","",IF(Input01!$B$34>$D221,COUNTIF(BC$17:BC$216,$E221),"")) | BE221: TERBESAR : | DF221: =MAX(DF17:DF216) -> 14
D222: 4 | E222: E | F222: =IF(F$16="","",IF(Input01!$B$34>$D222,COUNTIF(F$17:F$216,$E222),"")) -> 0 | G222: =IF(G$16="","",IF(Input01!$B$34>$D222,COUNTIF(G$17:G$216,$E222),"")) -> 0 | H222: =IF(H$16="","",IF(Input01!$B$34>$D222,COUNTIF(H$17:H$216,$E222),"")) -> 0 | I222: =IF(I$16="","",IF(Input01!$B$34>$D222,COUNTIF(I$17:I$216,$E222),"")) -> 1 | J222: =IF(J$16="","",IF(Input01!$B$34>$D222,COUNTIF(J$17:J$216,$E222),"")) -> 0 | K222: =IF(K$16="","",IF(Input01!$B$34>$D222,COUNTIF(K$17:K$216,$E222),"")) -> 0 | L222: =IF(L$16="","",IF(Input01!$B$34>$D222,COUNTIF(L$17:L$216,$E222),"")) -> 0 | M222: =IF(M$16="","",IF(Input01!$B$34>$D222,COUNTIF(M$17:M$216,$E222),"")) -> 0 | ... BC222: =IF(BC$16="","",IF(Input01!$B$34>$D222,COUNTIF(BC$17:BC$216,$E222),"")) | BE222: RATA-RATA : | DF222: =AVERAGE(DF17:DF216) -> 10
E223: Lainnya | F223: =IF(F16<>"",F224-SUM(F218:F222),"") -> 0 | G223: =IF(G16<>"",G224-SUM(G218:G222),"") -> 0 | H223: =IF(H16<>"",H224-SUM(H218:H222),"") -> 0 | I223: =IF(I16<>"",I224-SUM(I218:I222),"") -> 0 | J223: =IF(J16<>"",J224-SUM(J218:J222),"") -> 0 | K223: =IF(K16<>"",K224-SUM(K218:K222),"") -> 0 | L223: =IF(L16<>"",L224-SUM(L218:L222),"") -> 0 | M223: =IF(M16<>"",M224-SUM(M218:M222),"") -> 0 | ... BC223: =IF(BC16<>"",BC224-SUM(BC218:BC222),"") | BE223: SIMPANGAN BAKU : | DF223: =STDEV(DF17:DF216) -> 5.6568542
E224: Jumlah | F224: =IF(F16<>"",$B$2,"") -> 2 | G224: =IF(G16<>"",$B$2,"") -> 2 | H224: =IF(H16<>"",$B$2,"") -> 2 | I224: =IF(I16<>"",$B$2,"") -> 2 | J224: =IF(J16<>"",$B$2,"") -> 2 | K224: =IF(K16<>"",$B$2,"") -> 2 | L224: =IF(L16<>"",$B$2,"") -> 2 | M224: =IF(M16<>"",$B$2,"") -> 2 | ... BC224: =IF(BC16<>"",$B$2,"") | BE224: Daya Beda : | BF224: =PEARSON(BF17:BF216,DI17:DI216) -> #DIV/0! | BG224: =PEARSON(BG17:BG216,DJ17:DJ216) -> #DIV/0! | BH224: =PEARSON(BH17:BH216,DK17:DK216) -> #DIV/0! | BI224: =PEARSON(BI17:BI216,DL17:DL216) -> -1 | BJ224: =PEARSON(BJ17:BJ216,DM17:DM216) -> #DIV/0! | BK224: =PEARSON(BK17:BK216,DN17:DN216) -> #DIV/0! | BL224: =PEARSON(BL17:BL216,DO17:DO216) -> 1 | BM224: =PEARSON(BM17:BM216,DP17:DP216) -> #DIV/0! | ... DC224: =PEARSON(DC17:DC216,FF17:FF216) -> #DIV/0! | DE224: =STDEV(DF18:DF218) -> 4.2426407
F225: =F15 -> 1 | G225: =G15 -> 2 | H225: =H15 -> 3 | I225: =I15 -> 4 | J225: =J15 -> 5 | K225: =K15 -> 6 | L225: =L15 -> 7 | M225: =M15 -> 8 | ... BC225: =BC15 -> 50 | BE225: Nomor Butir | BF225: =BF16 -> 1 | BG225: =BG16 -> 2 | BH225: =BH16 -> 3 | BI225: =BI16 -> 4 | BJ225: =BJ16 -> 5 | BK225: =BK16 -> 6 | BL225: =BL16 -> 7 | BM225: =BM16 -> 8 | ... DC225: =DC16 -> 50
C226: Proportion Endorsing | E226: A | F226: =IF(F218<>"",ROUND(100*F218/$F$224,1),"-") -> 0 | G226: =IF(G218<>"",ROUND(100*G218/$F$224,1),"-") -> 0 | H226: =IF(H218<>"",ROUND(100*H218/$F$224,1),"-") -> 0 | I226: =IF(I218<>"",ROUND(100*I218/$F$224,1),"-") -> 50 | J226: =IF(J218<>"",ROUND(100*J218/$F$224,1),"-") -> 0 | K226: =IF(K218<>"",ROUND(100*K218/$F$224,1),"-") -> 50 | L226: =IF(L218<>"",ROUND(100*L218/$F$224,1),"-") -> 0 | M226: =IF(M218<>"",ROUND(100*M218/$F$224,1),"-") -> 0 | ... BC226: =IF(BC218<>"",ROUND(100*BC218/$F$224,1),"-") -> - | BE226: Daya Beda : | BF226: =IF(F16="","-",IF(BF241=TRUE,0,BF224)) -> 0 | BG226: =IF(G16="","-",IF(BG241=TRUE,0,BG224)) -> 0 | BH226: =IF(H16="","-",IF(BH241=TRUE,0,BH224)) -> 0 | BI226: =IF(I16="","-",IF(BI241=TRUE,0,BI224)) -> -1 | BJ226: =IF(J16="","-",IF(BJ241=TRUE,0,BJ224)) -> 0 | BK226: =IF(K16="","-",IF(BK241=TRUE,0,BK224)) -> 0 | BL226: =IF(L16="","-",IF(BL241=TRUE,0,BL224)) -> 1 | BM226: =IF(M16="","-",IF(BM241=TRUE,0,BM224)) -> 0 | ... DC226: =IF(BC16="","-",IF(DC241=TRUE,0,DC224)) -> -
E227: B | F227: =IF(F219<>"",ROUND(100*F219/$F$224,1),"-") -> 50 | G227: =IF(G219<>"",ROUND(100*G219/$F$224,1),"-") -> 50 | H227: =IF(H219<>"",ROUND(100*H219/$F$224,1),"-") -> 0 | I227: =IF(I219<>"",ROUND(100*I219/$F$224,1),"-") -> 0 | J227: =IF(J219<>"",ROUND(100*J219/$F$224,1),"-") -> 50 | K227: =IF(K219<>"",ROUND(100*K219/$F$224,1),"-") -> 50 | L227: =IF(L219<>"",ROUND(100*L219/$F$224,1),"-") -> 50 | M227: =IF(M219<>"",ROUND(100*M219/$F$224,1),"-") -> 50 | ... BC227: =IF(BC219<>"",ROUND(100*BC219/$F$224,1),"-") -> - | BE227: Tingkat Kesukaran | BF227: =IF(F$16<>"",BF218/$B$2,"-") -> 0 | BG227: =IF(G$16<>"",BG218/$B$2,"-") -> 0 | BH227: =IF(H$16<>"",BH218/$B$2,"-") -> 1 | BI227: =IF(I$16<>"",BI218/$B$2,"-") -> 0.5 | BJ227: =IF(J$16<>"",BJ218/$B$2,"-") -> 0 | BK227: =IF(K$16<>"",BK218/$B$2,"-") -> 0 | BL227: =IF(L$16<>"",BL218/$B$2,"-") -> 0.5 | BM227: =IF(M$16<>"",BM218/$B$2,"-") -> 0 | ... DC227: =IF(BC$16<>"",DC218/$B$2,"-") -> -
E228: C | F228: =IF(F220<>"",ROUND(100*F220/$F$224,1),"-") -> 0 | G228: =IF(G220<>"",ROUND(100*G220/$F$224,1),"-") -> 50 | H228: =IF(H220<>"",ROUND(100*H220/$F$224,1),"-") -> 100 | I228: =IF(I220<>"",ROUND(100*I220/$F$224,1),"-") -> 0 | J228: =IF(J220<>"",ROUND(100*J220/$F$224,1),"-") -> 50 | K228: =IF(K220<>"",ROUND(100*K220/$F$224,1),"-") -> 0 | L228: =IF(L220<>"",ROUND(100*L220/$F$224,1),"-") -> 0 | M228: =IF(M220<>"",ROUND(100*M220/$F$224,1),"-") -> 50 | ... BC228: =IF(BC220<>"",ROUND(100*BC220/$F$224,1),"-") -> - | BE228: Pengecoh Tidak Efektif | BF228: =IF(F235&F236&F237&F238&F239="","-",F235&F236&F237&F238&F239) -> ACE | BG228: =IF(G235&G236&G237&G238&G239="","-",G235&G236&G237&G238&G239) -> ADE | BH228: =IF(H235&H236&H237&H238&H239="","-",H235&H236&H237&H238&H239) -> ABDE | BI228: =IF(I235&I236&I237&I238&I239="","-",I235&I236&I237&I238&I239) -> BCD | BJ228: =IF(J235&J236&J237&J238&J239="","-",J235&J236&J237&J238&J239) -> ADE | BK228: =IF(K235&K236&K237&K238&K239="","-",K235&K236&K237&K238&K239) -> CDE | BL228: =IF(L235&L236&L237&L238&L239="","-",L235&L236&L237&L238&L239) -> ACE | BM228: =IF(M235&M236&M237&M238&M239="","-",M235&M236&M237&M238&M239) -> ADE | ... DC228: =IF(BC235&BC236&BC237&BC238&BC239="","-",BC235&BC236&BC237&BC238&BC239) -> -
E229: D | F229: =IF(F221<>"",ROUND(100*F221/$F$224,1),"-") -> 50 | G229: =IF(G221<>"",ROUND(100*G221/$F$224,1),"-") -> 0 | H229: =IF(H221<>"",ROUND(100*H221/$F$224,1),"-") -> 0 | I229: =IF(I221<>"",ROUND(100*I221/$F$224,1),"-") -> 0 | J229: =IF(J221<>"",ROUND(100*J221/$F$224,1),"-") -> 0 | K229: =IF(K221<>"",ROUND(100*K221/$F$224,1),"-") -> 0 | L229: =IF(L221<>"",ROUND(100*L221/$F$224,1),"-") -> 50 | M229: =IF(M221<>"",ROUND(100*M221/$F$224,1),"-") -> 0 | ... BC229: =IF(BC221<>"",ROUND(100*BC221/$F$224,1),"-") -> -
E230: E | F230: =IF(F222<>"",ROUND(100*F222/$F$224,1),"-") -> 0 | G230: =IF(G222<>"",ROUND(100*G222/$F$224,1),"-") -> 0 | H230: =IF(H222<>"",ROUND(100*H222/$F$224,1),"-") -> 0 | I230: =IF(I222<>"",ROUND(100*I222/$F$224,1),"-") -> 50 | J230: =IF(J222<>"",ROUND(100*J222/$F$224,1),"-") -> 0 | K230: =IF(K222<>"",ROUND(100*K222/$F$224,1),"-") -> 0 | L230: =IF(L222<>"",ROUND(100*L222/$F$224,1),"-") -> 0 | M230: =IF(M222<>"",ROUND(100*M222/$F$224,1),"-") -> 0 | ... BC230: =IF(BC222<>"",ROUND(100*BC222/$F$224,1),"-") -> - | BE230: =BE225 -> Nomor Butir | BF230: =BF225 -> 1 | BG230: =BG225 -> 2 | BH230: =BH225 -> 3 | BI230: =BI225 -> 4 | BJ230: =BJ225 -> 5 | BK230: =BK225 -> 6 | BL230: =BL225 -> 7 | ... DC230: =DC225 -> 50
E231: Lainnya | F231: =IF(F223<>"",ROUND(100*F223/$F$224,1),"-") -> 0 | G231: =IF(G223<>"",ROUND(100*G223/$F$224,1),"-") -> 0 | H231: =IF(H223<>"",ROUND(100*H223/$F$224,1),"-") -> 0 | I231: =IF(I223<>"",ROUND(100*I223/$F$224,1),"-") -> 0 | J231: =IF(J223<>"",ROUND(100*J223/$F$224,1),"-") -> 0 | K231: =IF(K223<>"",ROUND(100*K223/$F$224,1),"-") -> 0 | L231: =IF(L223<>"",ROUND(100*L223/$F$224,1),"-") -> 0 | M231: =IF(M223<>"",ROUND(100*M223/$F$224,1),"-") -> 0 | ... BC231: =IF(BC223<>"",ROUND(100*BC223/$F$224,1),"-") -> - | BE231: Daya Beda : | BF231: =IF(BF226="-","-",IF(BF226>=$F$4,2,IF(BF226>=$F$5,1,0))) -> 0 | BG231: =IF(BG226="-","-",IF(BG226>=$F$4,2,IF(BG226>=$F$5,1,0))) -> 0 | BH231: =IF(BH226="-","-",IF(BH226>=$F$4,2,IF(BH226>=$F$5,1,0))) -> 0 | BI231: =IF(BI226="-","-",IF(BI226>=$F$4,2,IF(BI226>=$F$5,1,0))) -> 0 | BJ231: =IF(BJ226="-","-",IF(BJ226>=$F$4,2,IF(BJ226>=$F$5,1,0))) -> 0 | BK231: =IF(BK226="-","-",IF(BK226>=$F$4,2,IF(BK226>=$F$5,1,0))) -> 0 | BL231: =IF(BL226="-","-",IF(BL226>=$F$4,2,IF(BL226>=$F$5,1,0))) -> 2 | BM231: =IF(BM226="-","-",IF(BM226>=$F$4,2,IF(BM226>=$F$5,1,0))) -> 0 | ... DC231: =IF(DC226="-","-",IF(DC226>=$F$4,2,IF(DC226>=$F$5,1,0))) -> -
E232: =SUM(E226:E231) -> 0 | F232: =SUM(F226:F231) -> 100 | G232: =SUM(G226:G231) -> 100 | H232: =SUM(H226:H231) -> 100 | I232: =SUM(I226:I231) -> 100 | J232: =SUM(J226:J231) -> 100 | K232: =SUM(K226:K231) -> 100 | L232: =SUM(L226:L231) -> 100 | ... BC232: =SUM(BC226:BC231) -> 0 | BE232: Tingkat Kesukaran | BF232: =IF(BF227="-","-",IF(BF227<$F$9,0,IF(BF227>$F$8,2,1))) -> 0 | BG232: =IF(BG227="-","-",IF(BG227<$F$9,0,IF(BG227>$F$8,2,1))) -> 0 | BH232: =IF(BH227="-","-",IF(BH227<$F$9,0,IF(BH227>$F$8,2,1))) -> 2 | BI232: =IF(BI227="-","-",IF(BI227<$F$9,0,IF(BI227>$F$8,2,1))) -> 1 | BJ232: =IF(BJ227="-","-",IF(BJ227<$F$9,0,IF(BJ227>$F$8,2,1))) -> 0 | BK232: =IF(BK227="-","-",IF(BK227<$F$9,0,IF(BK227>$F$8,2,1))) -> 0 | BL232: =IF(BL227="-","-",IF(BL227<$F$9,0,IF(BL227>$F$8,2,1))) -> 1 | BM232: =IF(BM227="-","-",IF(BM227<$F$9,0,IF(BM227>$F$8,2,1))) -> 0 | ... DC232: =IF(DC227="-","-",IF(DC227<$F$9,0,IF(DC227>$F$8,2,1))) -> -
BE233: Pengecoh Tidak Efektif | BF233: =IF(BF228="-",1,0) -> 0 | BG233: =IF(BG228="-",1,0) -> 0 | BH233: =IF(BH228="-",1,0) -> 0 | BI233: =IF(BI228="-",1,0) -> 0 | BJ233: =IF(BJ228="-",1,0) -> 0 | BK233: =IF(BK228="-",1,0) -> 0 | BL233: =IF(BL228="-",1,0) -> 0 | BM233: =IF(BM228="-",1,0) -> 0 | ... DC233: =IF(DC228="-",1,0) -> 1
F234: =F225 -> 1 | G234: =G225 -> 2 | H234: =H225 -> 3 | I234: =I225 -> 4 | J234: =J225 -> 5 | K234: =K225 -> 6 | L234: =L225 -> 7 | M234: =M225 -> 8 | ... BC234: =BC225 -> 50 | BE234: Kesimpulan
C235: Faktor Pengecoh Tidak Efektif | E235: 1 | F235: =IF($E235>Input01!$B$34,"",IF(F226<0.05,$E226,"")) -> A | G235: =IF($E235>Input01!$B$34,"",IF(G226<0.05,$E226,"")) -> A | H235: =IF($E235>Input01!$B$34,"",IF(H226<0.05,$E226,"")) -> A | I235: =IF($E235>Input01!$B$34,"",IF(I226<0.05,$E226,"")) | J235: =IF($E235>Input01!$B$34,"",IF(J226<0.05,$E226,"")) -> A | K235: =IF($E235>Input01!$B$34,"",IF(K226<0.05,$E226,"")) | L235: =IF($E235>Input01!$B$34,"",IF(L226<0.05,$E226,"")) -> A | M235: =IF($E235>Input01!$B$34,"",IF(M226<0.05,$E226,"")) -> A | ... BC235: =IF($E235>Input01!$B$34,"",IF(BC226<0.05,$E226,"")) | BE235: =BE230 -> Nomor Butir | BF235: =BF230 -> 1 | BG235: =BG230 -> 2 | BH235: =BH230 -> 3 | BI235: =BI230 -> 4 | BJ235: =BJ230 -> 5 | BK235: =BK230 -> 6 | BL235: =BL230 -> 7 | ... DC235: =DC230 -> 50
E236: 2 | F236: =IF($E236>Input01!$B$34,"",IF(F227<0.05,$E227,"")) | G236: =IF($E236>Input01!$B$34,"",IF(G227<0.05,$E227,"")) | H236: =IF($E236>Input01!$B$34,"",IF(H227<0.05,$E227,"")) -> B | I236: =IF($E236>Input01!$B$34,"",IF(I227<0.05,$E227,"")) -> B | J236: =IF($E236>Input01!$B$34,"",IF(J227<0.05,$E227,"")) | K236: =IF($E236>Input01!$B$34,"",IF(K227<0.05,$E227,"")) | L236: =IF($E236>Input01!$B$34,"",IF(L227<0.05,$E227,"")) | M236: =IF($E236>Input01!$B$34,"",IF(M227<0.05,$E227,"")) | ... BC236: =IF($E236>Input01!$B$34,"",IF(BC227<0.05,$E227,"")) | BE236: Daya Beda : | BF236: =IF(BF231="-","-",IF(BF231=1,"Cukup Baik",IF(BF231=2,"Baik","Tidak Baik"))) -> Tidak Baik | BG236: =IF(BG231="-","-",IF(BG231=1,"Cukup Baik",IF(BG231=2,"Baik","Tidak Baik"))) -> Tidak Baik | BH236: =IF(BH231="-","-",IF(BH231=1,"Cukup Baik",IF(BH231=2,"Baik","Tidak Baik"))) -> Tidak Baik | BI236: =IF(BI231="-","-",IF(BI231=1,"Cukup Baik",IF(BI231=2,"Baik","Tidak Baik"))) -> Tidak Baik | BJ236: =IF(BJ231="-","-",IF(BJ231=1,"Cukup Baik",IF(BJ231=2,"Baik","Tidak Baik"))) -> Tidak Baik | BK236: =IF(BK231="-","-",IF(BK231=1,"Cukup Baik",IF(BK231=2,"Baik","Tidak Baik"))) -> Tidak Baik | BL236: =IF(BL231="-","-",IF(BL231=1,"Cukup Baik",IF(BL231=2,"Baik","Tidak Baik"))) -> Baik | BM236: =IF(BM231="-","-",IF(BM231=1,"Cukup Baik",IF(BM231=2,"Baik","Tidak Baik"))) -> Tidak Baik | ... DC236: =IF(DC231="-","-",IF(DC231=1,"Cukup Baik",IF(DC231=2,"Baik","Tidak Baik"))) -> -
